brand,all_known,current,completed_investigation,confirmed_vegan,no_confirmation,pending,blocked,accepted_all_known,accepted_current
,215,215,0,38,142,35,0,25,25
1000 Stories,3,2,0,0,0,3,0,0,0
123 Baby,25,25,25,0,25,0,0,0,0
135 East,1,1,0,0,0,0,1,0,0
19 Crimes,14,13,0,0,0,14,0,0,0
3-In-One,1,1,0,0,0,1,0,0,0
4M,1,0,1,0,1,0,0,0,0
4Move,1,1,0,0,0,1,0,0,0
4head,1,1,0,0,0,1,0,0,0
7up,8,8,0,5,0,3,0,5,5
A to Z,1,1,1,0,1,0,0,0,0
A.Vogel,8,8,8,1,7,0,0,1,1
ABTEI HIMMEROD,2,2,0,0,0,2,0,0,0
ACCOLADE,1,0,0,0,0,1,0,0,0
ACTIPH,2,2,0,0,0,2,0,0,0
AG1,4,4,0,0,0,4,0,0,0
AKITU,1,1,1,0,1,0,0,0,0
AQUA OPTIMA,9,9,0,0,0,9,0,0,0
AR,1,1,0,0,0,1,0,0,0
Aagrah,4,4,0,0,0,4,0,0,0
Abacus,28,24,28,0,28,0,0,0,0
Abbazia,2,2,0,0,0,2,0,0,0
Abbot Ale,3,3,0,0,0,3,0,0,0
Abelha,1,1,0,0,0,1,0,0,0
Aber Falls,1,1,1,0,1,0,0,0,0
Aberlour,3,2,0,0,0,3,0,0,0
Ableforth's,3,3,0,0,0,3,0,0,0
Absodry,3,3,0,0,0,3,0,0,0
Absolut,17,17,0,13,3,1,0,12,12
Abtei,1,1,0,0,0,1,0,0,0
Ace,4,1,0,0,0,4,0,0,0
Acnecide,5,5,5,4,1,0,0,4,4
Acti-Vit,3,3,3,0,3,0,0,0,0
Adaptil,5,5,0,0,0,5,0,0,0
Addis,87,86,87,0,87,0,0,0,0
Aden & Anais,19,14,19,0,19,0,0,0,0
Adios Plastic,6,6,0,0,0,6,0,0,0
Adnams,12,12,12,8,4,0,0,8,8
Adonis,7,7,7,7,0,0,0,4,4
Adventuros,6,6,0,0,0,6,0,0,0
Aerolatte,1,1,1,0,1,0,0,0,0
Aerstone,2,0,0,0,0,2,0,0,0
Agua de Madre,2,2,0,0,0,2,0,0,0
Aguaribay,1,1,0,0,0,1,0,0,0
Aigle Les Murailles,2,2,0,0,0,2,0,0,0
Airwick,86,63,0,0,0,86,0,0,0
Aix,1,1,0,0,0,1,0,0,0
Ajinomoto,1,1,1,1,0,0,0,1,1
Alain Jaume,3,3,0,0,0,3,0,0,0
Alberto Balsam,6,6,0,0,0,6,0,0,0
Alhambra,3,3,0,0,0,3,0,0,0
Alice Scott,1,0,0,0,0,1,0,0,0
Alkimi,1,0,1,0,1,0,0,0,0
All Good Things,1,1,0,0,0,1,0,0,0
All Plants,2,2,0,0,0,2,0,0,0
Allevia,2,2,0,0,0,2,0,0,0
Allgroo,1,1,0,0,0,1,0,0,0
Allpress,3,3,0,0,0,3,0,0,0
Aloclair,2,1,0,0,0,2,0,0,0
Alpecin,3,3,3,0,3,0,0,0,0
Alpro,8,7,8,7,1,0,0,7,6
Alsace,1,1,1,0,1,0,0,0,0
Altos,2,2,0,0,0,2,0,0,0
Always,65,65,65,0,65,0,0,0,0
Amador Medrano,1,1,0,0,0,1,0,0,0
Amber Leaf,3,3,0,0,0,3,0,0,0
Ambre Solaire,24,24,24,1,23,0,0,1,1
Amefa,1,1,1,0,1,0,0,0,0
Amelia,1,1,0,0,0,1,0,0,0
American Spirit,1,1,0,0,0,1,0,0,0
Amoy,8,6,0,0,0,8,0,0,0
Amscan,1,1,1,0,1,0,0,0,0
Amstel,2,2,0,0,0,2,0,0,0
Anadin,4,4,0,0,0,4,0,0,0
Andrex,22,22,22,0,22,0,0,0,0
Angel Delight,3,3,0,0,0,3,0,0,0
Angelcare,2,2,0,0,0,2,0,0,0
Angelic,11,11,0,0,0,11,0,0,0
Angelo Poretti,2,2,0,0,0,2,0,0,0
Angostura,4,4,0,0,0,4,0,0,0
Anna's,1,1,0,0,0,1,0,0,0
Annapurna,1,1,1,0,1,0,0,0,0
Anniversary House,20,18,20,0,20,0,0,0,0
Anon,1,1,0,0,0,1,0,0,0
Antica,2,2,0,0,0,2,0,0,0
Antipodes,2,2,2,0,2,0,0,0,0
Anton Studio Designs,6,5,0,0,0,6,0,0,0
Antonia Reed,1,1,0,0,0,1,0,0,0
Anusol,2,2,0,0,0,2,0,0,0
Anya Hindmarch,1,1,1,0,1,0,0,0,0
Aperol,5,5,0,2,0,3,0,2,2
Apostoles,1,1,0,0,0,1,0,0,0
Apothic,3,3,0,0,0,3,0,0,0
Applaws,1,1,1,0,1,0,0,0,0
Appleton Estate,3,1,0,0,0,3,0,0,0
Aptamil,1,1,0,0,0,1,0,0,0
Aqua Carpatica,4,4,0,0,0,4,0,0,0
Aquafresh,14,14,0,0,0,14,0,0,0
Aqualona,16,16,0,0,0,16,0,0,0
Aquarian,1,1,0,0,0,1,0,0,0
Archer's,2,2,0,0,0,2,0,0,0
Ardbeg,3,3,0,0,0,3,0,0,0
Ariana Grande,1,1,1,0,1,0,0,0,0
Ariel,32,31,32,0,32,0,0,0,0
Aristocratico,1,1,0,0,0,1,0,0,0
Armor All,5,0,0,0,0,5,0,0,0
Armorik,2,2,0,0,0,2,0,0,0
Arnicare,1,1,1,0,1,0,0,0,0
Arnotts,2,2,0,0,0,2,0,0,0
Arran,1,1,0,0,0,1,0,0,0
Artadi,1,1,0,0,0,1,0,0,0
Artesa,2,2,0,0,0,2,0,0,0
Arthur Metz,7,7,0,0,0,7,0,0,0
Artisan Drinks Co,2,0,0,0,0,2,0,0,0
Artland,2,2,0,0,0,2,0,0,0
Asahi,4,4,0,0,0,4,0,0,0
Ashton and Parsons,1,1,1,0,1,0,0,0,0
Askeys,1,1,0,0,0,1,0,0,0
Asti Martini,1,1,1,0,1,0,0,0,0
Attitude,5,4,0,0,0,5,0,0,0
Au Vodka,6,5,0,0,0,6,0,0,0
Auchentoshan,1,1,0,0,0,1,0,0,0
Aunt Bessie's,1,1,0,0,0,1,0,0,0
Aussie,6,6,0,0,0,6,0,0,0
Aussieres,2,2,0,0,0,2,0,0,0
Australian Gold,5,5,0,0,0,5,0,0,0
Autan,5,5,0,0,0,5,0,0,0
Autorev,3,3,0,0,0,3,0,0,0
Aveeno,51,51,51,8,43,0,0,8,8
Avengers,1,1,1,0,1,0,0,0,0
Avenir,5,4,0,0,0,5,0,0,0
Averna,1,0,0,0,0,1,0,0,0
Aviation,1,1,1,0,1,0,0,0,0
Avène,7,7,7,5,2,0,0,5,5
Awin Barrat,2,2,0,0,0,2,0,0,0
Ayala,1,1,0,0,0,1,0,0,0
Ayoola,1,1,0,0,0,1,0,0,0
BANCROFT WINES LTD,2,2,0,0,0,2,0,0,0
BFree,4,4,0,0,0,4,0,0,0
BIBS,10,10,10,0,10,0,0,0,0
BOS,5,5,5,5,0,0,0,5,5
BOSS IT,1,1,0,0,0,0,1,0,0
Baby Clementoni,5,4,0,0,0,5,0,0,0
Babylonstoren,4,4,0,0,0,4,0,0,0
Bacardi,7,7,0,1,2,4,0,0,0
Bacchus,2,2,0,0,0,2,0,0,0
Back to Nature,2,2,0,0,0,2,0,0,0
Bacofoil,10,7,0,0,0,10,0,0,0
Badedas,2,2,0,0,0,2,0,0,0
Badger,12,12,12,11,1,0,0,0,0
Bake-O-Glide,7,7,0,0,0,7,0,0,0
Balance Activ,6,6,0,0,0,6,0,0,0
Balance Me,8,8,8,8,0,0,0,0,0
Ballantine's,1,1,0,0,0,1,0,0,0
Balmonds,1,1,1,1,0,0,0,1,1
Balvenie,3,3,0,0,0,3,0,0,0
Bambino Mio,6,6,0,0,0,6,0,0,0
Bamboo,1,0,0,0,0,1,0,0,0
Bamford,2,2,0,0,0,2,0,0,0
Banana Boat,2,2,0,0,0,2,0,0,0
Bananagrams,1,1,0,0,0,1,0,0,0
Bandero,2,2,0,0,0,2,0,0,0
Bankhall,1,1,1,0,1,0,0,0,0
Banrock Station,1,1,0,0,0,1,0,0,0
Bar Craft,1,1,1,0,1,0,0,0,0
Bar Keepers Friend,3,3,0,0,0,3,0,0,0
BarCraft,12,12,0,0,0,12,0,0,0
Barbadillo,8,8,0,0,0,8,0,0,0
Barbie,3,2,0,0,0,3,0,0,0
Barefoot,10,10,10,0,10,0,0,0,0
Barilla,6,6,6,0,6,0,0,0,0
Bark,5,5,0,0,0,5,0,0,0
Bark Crufts,11,11,0,0,0,11,0,0,0
Barkan,3,3,0,0,0,3,0,0,0
Baron Herzog,6,6,0,0,0,6,0,0,0
Baron Rothschild,2,2,0,0,0,2,0,0,0
Baron de Lay,1,1,0,0,0,1,0,0,0
Barossa Valley,3,3,0,0,0,3,0,0,0
Bart,4,4,0,0,0,4,0,0,0
Bartenura,2,2,0,0,0,2,0,0,0
Barton & Guestier,2,2,0,0,0,2,0,0,0
Basicare,24,19,0,0,0,24,0,0,0
Basil Hayden,1,1,0,0,0,1,0,0,0
Batch & Bottle,4,4,0,0,0,4,0,0,0
Batchelors,13,13,0,0,0,13,0,0,0
Bathroom Essentials,1,1,1,0,1,0,0,0,0
Bathtub Gin,1,1,0,0,0,1,0,0,0
Batiste,5,5,5,0,5,0,0,0,0
Battersea Dogs Home,2,2,0,0,0,2,0,0,0
Baylis & Harding,4,3,4,4,0,0,0,4,3
Bazuka,3,3,0,0,0,3,0,0,0
Be Loved,2,2,0,0,0,2,0,0,0
Beaphar,9,9,0,0,0,9,0,0,0
Beast,6,5,0,0,0,6,0,0,0
Beau & Elliot,11,8,11,0,11,0,0,0,0
Beauty Pro,4,4,0,0,0,4,0,0,0
Beavertown,14,11,14,14,0,0,0,14,11
Beck's,1,1,1,0,1,0,0,0,0
Becks,1,1,0,0,0,1,0,0,0
Beco Pets,36,33,0,2,31,0,3,0,0
Becodefence,1,1,0,0,0,1,0,0,0
Beconase,1,1,1,0,1,0,0,0,0
Beechams,4,4,0,0,0,4,0,0,0
Beefeater,5,5,0,0,0,5,0,0,0
Beefsteak Club,4,3,0,0,0,4,0,0,0
Being,5,5,5,5,0,0,0,5,5
Belazu,5,5,0,0,0,5,0,0,0
Beldray,5,5,0,0,0,5,0,0,0
Belledorm,2,2,0,0,0,2,0,0,0
Belles Vignes,3,3,0,0,0,3,0,0,0
Belorante,2,1,0,0,0,2,0,0,0
Beluga Noble,1,1,0,0,0,1,0,0,0
Belvenie,1,1,1,0,1,0,0,0,0
Belvento,1,1,0,0,0,1,0,0,0
Belvita,1,1,0,0,0,1,0,0,0
Belvoir,1,1,1,0,1,0,0,0,0
Ben's Original,29,29,29,0,29,0,0,0,0
Benacourt,1,1,0,0,0,1,0,0,0
Benadryl,2,1,0,0,0,2,0,0,0
Benson & Hedges,4,4,0,0,0,4,0,0,0
Benylin,4,4,0,0,0,4,0,0,0
Berberana,2,2,0,0,0,2,0,0,0
Berocca,4,2,0,0,0,4,0,0,0
Berol,2,2,0,0,0,2,0,0,0
Bertagni,1,1,1,0,1,0,0,0,0
Bertrams,1,1,0,0,0,1,0,0,0
Better You,9,8,0,0,0,9,0,0,0
Betty Crocker,13,13,0,0,0,13,0,0,0
Beyond Belief,3,3,0,0,0,3,0,0,0
BiancaVigna,1,1,0,0,0,1,0,0,0
Bibigo,14,13,0,0,0,14,0,0,0
Bic,43,43,43,0,43,0,0,0,0
Bic UK,21,18,21,0,21,0,0,0,0
Big K,15,14,0,0,0,15,0,0,0
Big Tom,3,2,3,3,0,0,0,3,2
Bigga,4,4,0,0,0,4,0,0,0
Bikano,1,1,1,0,1,0,0,0,0
Bin Buddy,2,1,0,0,0,2,0,0,0
Bio Bag,7,7,0,0,0,7,0,0,0
Bio Oil,1,1,0,0,0,1,0,0,0
Bio Orto,1,1,1,0,1,0,0,0,0
Bio-Kult,1,1,0,0,0,1,0,0,0
Bio-Oil,4,4,0,0,0,4,0,0,0
Bio-Synergy,4,4,0,0,0,4,0,0,0
BioBag,2,2,0,0,0,2,0,0,0
Bioglan,7,5,7,2,5,0,0,2,2
Biona,5,5,5,3,2,0,0,3,3
Bionic,3,3,0,0,0,3,0,0,0
Bionsen,3,3,0,0,0,3,0,0,0
Biore,4,4,0,0,0,4,0,0,0
Biotene,1,1,0,0,0,1,0,0,0
Birchall Tea,2,2,2,0,2,0,0,0,0
Bird in Hand,3,3,0,0,0,3,0,0,0
Bird's,1,1,1,0,1,0,0,0,0
Birrificio Poretti,1,1,0,0,0,1,0,0,0
Bisto,17,17,17,0,17,0,0,0,0
Bitburger,2,2,0,0,0,2,0,0,0
Black Sheep,1,1,1,0,1,0,0,0,0
Black Tower,4,4,0,0,0,4,0,0,0
Blackeye,1,1,0,0,0,1,0,0,0
Blandy's,1,1,0,0,0,1,0,0,0
Blanx,1,1,1,0,1,0,0,0,0
Blason,1,1,0,0,0,1,0,0,0
Bleach London,1,1,1,1,0,0,0,0,0
Bliss,5,5,0,0,0,5,0,0,0
Bliss Bathrooom,4,4,0,0,0,4,0,0,0
Bloc,1,0,0,0,0,1,0,0,0
Bloo,14,13,0,0,0,14,0,0,0
Bloom,1,0,0,0,0,1,0,0,0
Bloomsbury,1,1,1,0,1,0,0,0,0
Bloomsbury Mill,1,0,0,0,0,1,0,0,0
Blu,6,6,0,0,0,6,0,0,0
Blue Dragon,1,1,1,0,1,0,0,0,0
Blue Moon,1,1,0,0,0,1,0,0,0
Blue Nun Authentic Wine,1,1,0,0,0,1,0,0,0
Bluecol,2,2,0,0,0,2,0,0,0
Bob Martin,1,1,1,0,1,0,0,0,0
Bobs Red Mill,2,2,0,0,0,2,0,0,0
Bocelli 1831,1,1,0,0,0,1,0,0,0
Boddingtons,1,1,1,0,1,0,0,0,0
Bodegas Caro,1,1,0,0,0,1,0,0,0
Bodegas Palacio,2,2,0,0,0,2,0,0,0
Bodegas Vinecol,1,1,0,0,0,1,0,0,0
Bodyform,29,29,29,0,29,0,0,0,0
Boland,1,1,0,0,0,0,1,0,0
Bold,14,13,0,0,0,14,0,0,0
Bolla,5,5,0,0,0,5,0,0,0
Bollinger,3,3,0,0,0,3,0,0,0
Bolsius,18,17,0,0,0,18,0,0,0
Bombay Sapphire,2,2,0,0,0,2,0,0,0
Bondi Sands,1,1,0,0,0,1,0,0,0
Bonjela,4,4,0,0,0,4,0,0,0
Bonne Maman,1,1,1,0,1,0,0,0,0
Bonnier Books Ltd,1,1,0,0,0,1,0,0,0
Bonnysa,1,1,0,0,0,1,0,0,0
Born,1,1,1,0,1,0,0,0,0
Bostik,9,9,0,0,0,9,0,0,0
Botanist,1,1,0,0,0,1,0,0,0
Bottega,2,2,0,0,0,2,0,0,0
Boucleme,5,5,5,5,0,0,0,5,5
Bounty,1,1,1,0,1,0,0,0,0
Boutaris,1,1,0,0,0,1,0,0,0
Bovier,1,1,0,0,0,1,0,0,0
Bowl Grabber,1,1,1,0,1,0,0,0,0
Bowmore,3,3,0,0,0,3,0,0,0
Brabantia,89,88,89,0,89,0,0,0,0
Brakspear,1,0,0,0,0,1,0,0,0
Brancott Estate,3,3,0,0,0,3,0,0,0
Branston,9,8,0,0,0,9,0,0,0
Brasso,1,1,1,0,1,0,0,0,0
Braun,1,1,0,0,0,1,0,0,0
Breathe Right,2,2,0,0,0,2,0,0,0
Brecon,4,4,0,0,0,4,0,0,0
Breeder Celect,1,1,0,0,0,1,0,0,0
Breeders Choice,4,4,0,0,0,4,0,0,0
Brevin Vouvray,1,1,0,0,0,0,1,0,0
Brew Tea Co,3,3,0,0,0,3,0,0,0
BrewDog,3,2,0,0,0,3,0,0,0
Bricchetto,3,3,0,0,0,3,0,0,0
Bright Night,17,17,17,0,17,0,0,0,0
Brightwater Bay,1,1,0,0,0,1,0,0,0
Brindisa,8,8,0,0,0,8,0,0,0
Briottet,1,1,1,0,1,0,0,0,0
Brita,19,19,19,0,19,0,0,0,0
Brite,2,2,0,0,0,2,0,0,0
Britney Spears,1,1,0,0,0,1,0,0,0
Brixton Brewery,2,2,2,2,0,0,0,2,2
Brooklyn,4,4,4,4,0,0,0,0,0
Brooklyn Lager,1,0,0,0,0,1,0,0,0
Bruichladdich,2,2,0,0,0,2,0,0,0
Brush-Baby,19,19,0,0,0,19,0,0,0
Brushworks,3,3,3,3,0,0,0,3,3
Bryant & May,1,1,1,0,1,0,0,0,0
Brylcreem,1,1,0,0,0,1,0,0,0
Bubbleology,3,2,0,0,0,3,0,0,0
Bud Light,1,0,1,0,1,0,0,0,0
Bud Lime,1,1,0,0,0,1,0,0,0
Buddycare,1,1,0,0,0,1,0,0,0
Budweiser,9,9,0,0,0,9,0,0,0
Budweiser Budvar,2,2,0,0,0,2,0,0,0
Buffalo Trace,3,3,0,0,0,3,0,0,0
Bugles,1,1,1,0,1,0,0,0,0
Builderz,1,1,0,0,0,1,0,0,0
Building Blocks,1,1,1,0,1,0,0,0,0
Built,5,4,0,0,0,5,0,0,0
Buldak,6,6,0,0,0,6,0,0,0
Bulldog,14,14,14,14,0,0,0,14,14
Bulleit,1,1,0,0,0,1,0,0,0
BullsEye,1,1,0,0,0,1,0,0,0
Bumbu,2,2,0,0,0,2,0,0,0
Bundaberg,1,1,1,1,0,0,0,1,1
Bunnahabhain,2,2,0,0,0,2,0,0,0
Burgess,12,12,0,0,0,12,0,0,0
Burgon & Ball,11,9,11,0,11,0,0,0,0
Burt's Bees,1,0,0,0,0,1,0,0,0
Burton McCall,2,2,0,0,0,2,0,0,0
Buscopan,3,2,0,0,0,3,0,0,0
Bushmills,3,3,0,0,0,3,0,0,0
Buster,4,3,0,0,0,4,0,0,0
Busy Baby,5,5,0,0,0,5,0,0,0
Buttercup,1,1,0,0,0,1,0,0,0
Buxton,3,3,0,0,0,3,0,0,0
BuzzBallz,9,9,0,0,0,9,0,0,0
CALBEE,1,1,0,0,0,1,0,0,0
CANESBALANCE,2,0,0,0,0,2,0,0,0
CJ CAT LITTER,2,2,0,0,0,2,0,0,0
CJ Wildlife,2,2,0,0,0,2,0,0,0
CM La Vie,1,1,1,1,0,0,0,0,0
CVNE,3,3,0,0,0,3,0,0,0
Ca Del Lago,1,1,1,0,1,0,0,0,0
Cabana,1,1,0,0,0,1,0,0,0
Cadbury,1,1,0,0,0,1,0,0,0
Cafedirect,3,2,0,0,0,3,0,0,0
Caleno,2,2,2,2,0,0,0,2,2
Calgon,9,8,0,0,0,9,0,0,0
Cali by Snoop,1,1,0,0,0,1,0,0,0
Califia Farms,1,0,0,0,0,1,0,0,0
California Scents,5,5,0,0,0,5,0,0,0
Calpol,8,8,0,0,0,8,0,0,0
Calprofen,1,1,1,0,1,0,0,0,0
Calvet,25,22,0,0,0,25,0,0,0
Calypso,1,1,0,0,0,1,0,0,0
Cambrook,5,5,0,0,0,5,0,0,0
Campari,2,2,0,0,0,2,0,0,0
Campo,5,5,0,0,0,5,0,0,0
Campo viejo,2,2,0,0,0,2,0,0,0
Canesfresh,1,1,1,0,1,0,0,0,0
Canesten,7,6,0,0,0,7,0,0,0
Cannamela,1,1,0,0,0,1,0,0,0
Caol Ila,2,2,0,0,0,2,0,0,0
Caorunn,1,1,0,0,0,1,0,0,0
Capcanes,1,1,1,0,1,0,0,0,0
Cape Herb & Spice,1,1,0,0,0,1,0,0,0
Cape Mentelle,1,1,1,0,1,0,0,0,0
Capri-Sun,1,1,0,0,0,1,0,0,0
Capsicana,4,3,0,0,0,4,0,0,0
Captain Morgan,7,6,0,0,0,7,0,0,0
Caputo,7,7,0,0,0,7,0,0,0
Carbonell,1,1,0,0,0,1,0,0,0
Carbzone,5,3,0,0,0,5,0,0,0
Cardhu,1,1,1,0,1,0,0,0,0
Care,4,4,0,0,0,4,0,0,0
Care+Protect,1,0,0,0,0,1,0,0,0
Carefree,5,5,0,0,0,5,0,0,0
Carefresh,4,4,0,0,0,4,0,0,0
Caress,2,2,0,0,0,2,0,0,0
Carex,24,22,24,23,1,0,0,23,21
Carling,2,2,0,0,0,2,0,0,0
Carlos,2,2,0,0,0,2,0,0,0
Carlsberg,2,2,2,2,0,0,0,2,2
Carmel,1,1,0,0,0,1,0,0,0
Carnivor,1,1,0,0,0,1,0,0,0
Caroline Gardner,123,101,123,0,123,0,0,0,0
Carplan,2,2,0,0,0,2,0,0,0
Carr's,2,2,0,0,0,2,0,0,0
Carte Postale,3,3,0,0,0,3,0,0,0
Casa Firelli,2,2,0,0,0,2,0,0,0
Casalinga,3,3,0,0,0,3,0,0,0
Casamigos,2,2,0,0,0,2,0,0,0
Casillero del Diablo,12,11,0,0,0,12,0,0,0
Cask & Cream,1,1,0,0,0,1,0,0,0
Castella,1,1,0,0,0,1,0,0,0
Castello,2,2,0,0,0,2,0,0,0
Castello Banfi,3,3,0,0,0,3,0,0,0
Castillo,1,1,0,0,0,1,0,0,0
Castle Mclellan,1,1,1,0,1,0,0,0,0
Cat's Best,7,7,0,0,0,7,0,0,0
Catena,4,4,0,0,0,4,0,0,0
Cath Kidston,14,14,0,0,0,14,0,0,0
Catherine Lansfield,69,57,69,0,69,0,0,0,0
Catit,23,21,0,0,0,23,0,0,0
Catsan,4,4,4,0,4,0,0,0,0
Cavino,2,2,0,0,0,2,0,0,0
Cellarvino,7,7,0,0,0,7,0,0,0
Celsius,2,2,0,0,0,2,0,0,0
Celtic Bakers,2,2,0,0,0,2,0,0,0
Centifolia,1,1,0,0,0,1,0,0,0
Centrum,15,14,0,0,0,15,0,0,0
CeraVe,28,28,28,0,28,0,0,0,0
Cetaphil,26,26,26,23,3,0,0,22,22
Cetraben,3,3,0,0,0,3,0,0,0
Ch Lauberdiere,1,1,0,0,0,1,0,0,0
Ch Mautain,1,1,0,0,0,1,0,0,0
Ch Mezain Bordeaux,1,1,0,0,0,1,0,0,0
Chairman's Reserve,1,1,1,0,1,0,0,0,0
Chandon,1,1,0,0,0,1,0,0,0
Chapel Down,9,9,0,0,0,9,0,0,0
Chapelas,1,1,0,0,0,1,0,0,0
Charles Lafitte,5,5,0,0,0,5,0,0,0
Charles Worthington,5,5,5,5,0,0,0,5,5
Chase Distillery,2,2,0,0,0,2,0,0,0
Chateau,3,3,0,0,0,3,0,0,0
Chateau Aumerade,1,1,0,0,0,1,0,0,0
Chateau Bastor-Lamontagne,1,1,0,0,0,1,0,0,0
Chateau Bois Pertuis,1,0,0,0,0,1,0,0,0
Chateau Boissezon,1,0,0,0,0,1,0,0,0
Chateau Cantelys,1,1,0,0,0,1,0,0,0
Chateau Clarke,1,1,0,0,0,1,0,0,0
Chateau Forchetiere,1,1,0,0,0,1,0,0,0
Chateau La Gordonne,2,2,0,0,0,2,0,0,0
Chateau Lafite,1,1,1,0,1,0,0,0,0
Chateau Leoube,5,4,0,0,0,5,0,0,0
Chateau Mezain,1,1,0,0,0,1,0,0,0
Chateau Montgueret,1,1,0,0,0,1,0,0,0
Chateau Paradis,1,1,0,0,0,1,0,0,0
Chateau Pena,1,1,0,0,0,1,0,0,0
Chateau Plantey,2,1,0,0,0,2,0,0,0
Chateau Sainte-Helene Languedoc,1,1,0,0,0,1,0,0,0
Chateau Sergant,1,1,0,0,0,1,0,0,0
Chateau Troupian,1,1,0,0,0,1,0,0,0
Chateau d'Esclans,5,5,0,0,0,5,0,0,0
Chateau de Berne,2,2,0,0,0,2,0,0,0
Chateau de Fauzan,1,1,0,0,0,1,0,0,0
Cheatwell Games,4,0,0,0,0,4,0,0,0
Cheeky Chompers,7,7,0,0,0,7,0,0,0
Cheetos,1,1,0,0,0,1,0,0,0
Chef Aid,33,33,33,0,33,0,0,0,0
Chef'n,1,1,0,0,0,1,0,0,0
ChefAid,3,3,0,0,0,3,0,0,0
Chemin Des Papes,1,1,0,0,0,1,0,0,0
Cherry Blossom,9,5,0,0,0,9,0,0,0
Chia Charge,1,1,0,0,0,1,0,0,0
Chicago Metallic,1,0,0,0,0,1,0,0,0
Chilly's,12,12,12,0,12,0,0,0,0
Chimay,2,2,0,0,0,2,0,0,0
Chipsi,1,1,0,0,0,1,0,0,0
Chita,1,1,1,0,1,0,0,0,0
Chivas,6,6,0,0,0,6,0,0,0
Christy,11,9,0,0,0,11,0,0,0
Cht Cap L'Ousteau,1,1,0,0,0,1,0,0,0
Cht du Cartillon,1,1,0,0,0,1,0,0,0
Chupa Chup,2,2,0,0,0,2,0,0,0
Château Artos,1,1,0,0,0,1,0,0,0
Cif,20,19,20,0,20,0,0,0,0
Cillit Bang,9,8,0,0,0,9,0,0,0
Cincoro Reposado,3,3,0,0,0,3,0,0,0
Cinzano,3,2,0,0,0,3,0,0,0
Cirio,2,2,0,0,0,2,0,0,0
Ciroc,9,9,0,0,0,9,0,0,0
Cl-ear,2,2,0,0,0,2,0,0,0
Clairol,4,4,0,0,0,4,0,0,0
Clarityn,1,0,0,0,0,1,0,0,0
Classic,1,1,1,0,1,0,0,0,0
Classic Italia,1,1,0,0,0,1,0,0,0
Clean & Clear,5,4,0,0,0,5,0,0,0
Clean Curls,6,6,6,6,0,0,0,6,6
Clearasil,5,5,0,0,0,5,0,0,0
Clearblue,7,6,0,0,0,7,0,0,0
Clementoni,8,6,0,0,0,8,0,0,0
Clipper,11,11,0,0,0,11,0,0,0
Clive's Fruit Farm,2,1,0,0,0,2,0,0,0
Clos Du Bois,2,2,0,0,0,2,0,0,0
Clos des Mirans,1,1,0,0,0,1,0,0,0
Cloud House,1,1,0,0,0,1,0,0,0
Cloud Watcher,1,1,0,0,0,1,0,0,0
Cloudy Bay,3,3,0,0,0,3,0,0,0
Cobalte,1,1,1,0,1,0,0,0,0
Coca-Cola,6,2,0,0,0,6,0,0,0
Cockburn's,2,2,0,0,0,2,0,0,0
Cockburns,1,1,0,0,0,1,0,0,0
Cocopup,53,53,53,0,53,0,0,0,0
Codorniu,5,5,0,0,0,5,0,0,0
Coffeeway,2,2,2,2,0,0,0,2,2
Cofresh,3,3,0,0,0,3,0,0,0
Cointreau,3,3,0,0,0,3,0,0,0
Cole & Mason,10,10,0,0,0,10,0,0,0
Colgate,105,100,105,0,105,0,0,0,0
Colgin,1,1,0,0,0,1,0,0,0
Colief,4,4,0,0,0,4,0,0,0
Colour Splash,2,2,0,0,0,2,0,0,0
Colourburst,10,10,0,0,0,10,0,0,0
Colourworks,8,7,0,0,0,8,0,0,0
Colpasso,2,2,0,0,0,2,0,0,0
Comfort,44,36,44,0,44,0,0,0,0
Command,5,5,0,0,0,5,0,0,0
Compass Box,2,2,0,0,0,2,0,0,0
Compeed,7,5,0,0,0,7,0,0,0
Condorelli,1,0,0,0,0,1,0,0,0
Conker Spirit,2,2,2,0,2,0,0,0,0
Connemara,1,1,0,0,0,1,0,0,0
Cono Sur,8,8,0,0,0,8,0,0,0
Contea,1,1,1,0,1,0,0,0,0
Contigo,14,14,14,0,14,0,0,0,0
Cook's,1,1,0,0,0,1,0,0,0
Cooke & Miller,6,5,6,0,6,0,0,0,0
Coors,2,2,0,0,0,2,0,0,0
Copco,1,1,0,0,0,1,0,0,0
Copella,8,8,0,0,0,8,0,0,0
Coppenrath & Wiese,1,1,0,0,0,1,0,0,0
Corona,5,5,0,0,0,5,0,0,0
Corsodyl,21,21,21,0,21,0,0,0,0
Costa,6,6,0,0,0,6,0,0,0
Costa Lazaridi,2,2,0,0,0,2,0,0,0
Cotswold Distillery,6,5,6,4,2,0,0,4,3
Courvoisier,6,5,6,6,0,0,0,6,5
Covonia,4,4,4,2,2,0,0,2,2
Cow & Gate,11,11,0,0,0,11,0,0,0
Cowshed,1,1,0,0,0,1,0,0,0
Cozy Time,2,2,0,0,0,2,0,0,0
Crabbies,2,2,0,0,0,2,0,0,0
Craft & Crumb,2,2,0,0,0,2,0,0,0
Cranes,1,1,0,0,0,1,0,0,0
Crayola,15,11,15,0,15,0,0,0,0
Creative Tops,4,2,0,0,0,4,0,0,0
Cricket,2,2,0,0,0,2,0,0,0
Crispino,2,0,2,1,1,0,0,0,0
Cristalinas,27,12,0,0,0,27,0,0,0
Croc Odor,1,1,0,0,0,1,0,0,0
Crodino,1,1,0,0,0,1,0,0,0
Cross Keys,1,1,0,0,0,1,0,0,0
Cruset Blanc de blancs,1,1,0,0,0,1,0,0,0
Cruzcampo,2,2,0,0,0,2,0,0,0
Cubical,1,1,0,0,0,1,0,0,0
Culinare,6,4,0,0,0,6,0,0,0
Culpitt,11,11,0,0,0,11,0,0,0
Curanail,1,1,0,0,0,1,0,0,0
Curaprox,16,15,0,0,0,16,0,0,0
Curel,6,6,0,0,0,6,0,0,0
Cushelle,12,12,0,0,0,12,0,0,0
Cussons Creations,2,2,0,0,0,2,0,0,0
Cutex,5,5,0,0,0,5,0,0,0
Cygnet,1,1,0,0,0,1,0,0,0
Cynar,1,1,0,0,0,1,0,0,0
Cypressa,11,11,0,0,0,11,0,0,0
Côte des Roses,1,1,0,0,0,1,0,0,0
D N C UK LIMITED,5,5,5,0,5,0,0,0,0
D&G,5,5,0,0,0,5,0,0,0
D'aucy,1,1,0,0,0,1,0,0,0
DAISE,17,16,17,3,14,0,0,3,3
DAMM BREWERY UK LTD,6,4,0,0,0,6,0,0,0
DAVIDOFF,4,0,0,0,0,4,0,0,0
DAYLESFORD ORGANIC,33,31,0,0,0,33,0,0,0
DE pez,1,1,0,0,0,1,0,0,0
DIRTEA,5,5,0,0,0,5,0,0,0
DKNY,1,1,0,0,0,1,0,0,0
DP,1,1,0,0,0,1,0,0,0
DRH Collection,5,5,0,0,0,5,0,0,0
DRTY,2,1,0,0,0,2,0,0,0
DUNKIN,3,3,0,0,0,3,0,0,0
Dalston's,3,3,3,3,0,0,0,3,3
Dalton,1,1,0,0,0,1,0,0,0
Dalwhinnie,2,2,0,0,0,2,0,0,0
Dame,8,8,0,0,0,8,0,0,0
Dark Horse,3,3,0,0,0,3,0,0,0
Darlac,4,4,0,0,0,4,0,0,0
Darrell Lea,2,0,0,0,0,2,0,0,0
Daylesford,47,46,47,1,46,0,0,0,0
Daylesford Organic,46,42,46,0,46,0,0,0,0
Daz,1,1,1,0,1,0,0,0,0
De Bortoli,1,1,0,0,0,1,0,0,0
De Kuyper,5,1,0,0,0,5,0,0,0
Dead Man's Finger's,8,8,0,0,0,8,0,0,0
Deadfast,2,2,0,0,0,2,0,0,0
Deep Freeze,2,2,0,0,0,2,0,0,0
Deep Heat,2,2,0,0,0,2,0,0,0
Deep Relief,1,1,0,0,0,1,0,0,0
Deer Point,1,1,0,0,0,1,0,0,0
Del Duque,1,1,0,0,0,1,0,0,0
Del Monte,4,4,0,0,0,4,0,0,0
Delicato,1,1,1,1,0,0,0,1,1
Deliciously Ella,1,1,0,0,0,1,0,0,0
Demoiselle,2,2,0,0,0,2,0,0,0
DenTek,1,1,0,0,0,1,0,0,0
Denbies,5,5,0,0,0,5,0,0,0
Dendron,1,1,0,0,0,1,0,0,0
Denman,10,10,0,0,0,10,0,0,0
Dentyl,3,2,0,0,0,3,0,0,0
Dentyl Ph,2,2,0,0,0,2,0,0,0
Denzel's,5,5,0,0,0,5,0,0,0
Depend,5,5,0,0,0,5,0,0,0
Depth Charge,1,1,0,0,0,1,0,0,0
Desperados,3,3,0,0,0,3,0,0,0
Destination,1,1,0,0,0,1,0,0,0
Dettol,28,27,28,0,28,0,0,0,0
Deva,7,7,0,0,0,7,0,0,0
Deva Designs,70,58,70,0,70,0,0,0,0
Deyongs,67,60,67,0,67,0,0,0,0
Deyongs Modern,2,1,0,0,0,2,0,0,0
Diablo,5,5,0,0,0,5,0,0,0
Diddly Squat Farm,8,8,0,0,0,8,0,0,0
Diet Coke,2,1,0,0,0,2,0,0,0
Dina,2,2,0,0,0,2,0,0,0
Dino's,4,4,0,0,0,4,0,0,0
Diplomatico,1,1,0,0,0,1,0,0,0
Disaronno,1,1,0,0,0,1,0,0,0
Discarded,3,3,0,0,0,3,0,0,0
Discos,1,1,0,0,0,1,0,0,0
Dishmatic,13,10,13,0,13,0,0,0,0
Disney Frozen,1,1,0,0,0,1,0,0,0
District 7,2,2,0,0,0,2,0,0,0
Disznoko,2,1,0,0,0,2,0,0,0
Divine,1,1,1,1,0,0,0,1,1
Dizonv,1,1,0,0,0,1,0,0,0
Dole,6,6,6,0,6,0,0,0,0
Dolly Wines,1,1,0,0,0,1,0,0,0
Dolmio,8,8,0,0,0,8,0,0,0
Domain de Jarras,2,2,0,0,0,2,0,0,0
Domaine,2,2,0,0,0,2,0,0,0
Domaine Ott,1,1,0,0,0,1,0,0,0
Domaine TDV,1,1,0,0,0,1,0,0,0
Domaine d'Altugnac,3,3,0,0,0,3,0,0,0
Domaine du Touja,1,1,0,0,0,1,0,0,0
Domestos,22,21,22,0,22,0,0,0,0
Don Julio,1,1,0,0,0,1,0,0,0
Don Q,2,2,0,0,0,2,0,0,0
Dona Maria,1,1,0,0,0,1,0,0,0
Doritos,3,3,0,0,0,3,0,0,0
Dorset Cereals,3,3,3,2,1,0,0,2,2
Dot Dot,5,5,5,5,0,0,0,5,5
DotDotPet,2,2,0,0,0,2,0,0,0
Doublebase,4,4,4,4,0,0,0,4,4
Douxo,10,10,0,0,0,10,0,0,0
Dove,140,139,0,63,48,29,0,62,62
Dove Men Care,10,10,0,0,0,10,0,0,0
Dr Beckmann,12,7,12,1,11,0,0,1,1
Dr Botanicals,1,1,0,0,0,1,0,0,0
Dr Burn,1,1,0,0,0,1,0,0,0
Dr Oetker,15,15,15,5,10,0,0,5,5
Dr Organic,14,14,14,12,2,0,0,7,7
Dr. Beckmann,10,10,0,0,0,10,0,0,0
Dragonfly Tea,3,3,0,0,0,3,0,0,0
Dreamfarm,8,5,0,0,0,8,0,0,0
Dri-Pak,1,1,1,0,1,0,0,0,0
Drinks By The Dram,1,1,0,0,0,1,0,0,0
Drogheria & Alimentari,3,3,0,0,0,3,0,0,0
Drogheria&Alimentari,1,1,0,0,0,1,0,0,0
Drumshanbo,2,2,0,0,0,2,0,0,0
DryNites,5,4,0,0,0,5,0,0,0
Dubonnet,1,1,0,0,0,1,0,0,0
Duck,1,1,0,0,0,1,0,0,0
Dulcolax,1,1,1,0,1,0,0,0,0
Duni,48,47,48,0,48,0,0,0,0
Duni Bio,5,5,5,0,5,0,0,0,0
Dunns River,9,9,0,0,0,9,0,0,0
Duracell,28,28,28,0,28,0,0,0,0
Duralex,13,12,13,0,13,0,0,0,0
Duralex UK LTD,1,1,0,0,0,1,0,0,0
Durex,35,34,35,0,35,0,0,0,0
Dylon,15,14,0,0,0,15,0,0,0
E & J Gallo Winery,1,1,0,0,0,1,0,0,0
E-Cloth,3,0,0,0,0,3,0,0,0
E45,28,28,28,1,27,0,0,1,1
ESTI FOODS LTD,2,1,0,0,0,2,0,0,0
EUROWRAP,11,11,0,0,0,11,0,0,0
EarHub,3,3,0,0,0,3,0,0,0
Earth Rated,2,2,0,0,0,2,0,0,0
East End,3,3,0,0,0,3,0,0,0
East London Liquor Co.,1,1,0,0,0,1,0,0,0
Eat Natural,2,2,0,0,0,2,0,0,0
Echo Falls,4,3,0,0,0,4,0,0,0
Eco Style,2,2,0,0,0,2,0,0,0
Ecoegg,1,1,0,0,0,1,0,0,0
Ecover,61,61,61,61,0,0,0,53,53
Ecozone,15,14,15,15,0,0,0,15,14
Eddingtons,17,15,0,0,0,17,0,0,0
Edgard & Cooper,6,6,0,0,0,6,0,0,0
Ehrmanns,1,1,0,0,0,1,0,0,0
El Yucateco,4,4,0,0,0,4,0,0,0
Elastoplast,23,23,0,0,0,23,0,0,0
Elbow Grease,12,8,0,0,0,12,0,0,0
Eleanor Bowmer,16,11,0,0,0,16,0,0,0
Elemental Herbology,6,5,0,0,0,6,0,0,0
Elephant Atta,1,1,0,0,0,1,0,0,0
Elfbar,8,8,0,0,0,8,0,0,0
Elijah Craig,1,1,0,0,0,1,0,0,0
Elizabeth Arden,1,1,0,0,0,1,0,0,0
Elkwood,3,3,0,0,0,3,0,0,0
Ella's Kitchen,13,13,0,0,0,13,0,0,0
Elliotts,7,7,0,0,0,7,0,0,0
Elnett,4,4,0,0,0,4,0,0,0
Elvie,3,3,0,0,0,3,0,0,0
Embassy,1,1,0,0,0,1,0,0,0
Ember,1,1,1,0,1,0,0,0,0
Eminente,1,1,0,0,0,1,0,0,0
Emma Bridgewater,49,44,49,0,49,0,0,0,0
Emma Hardie,4,4,4,0,4,0,0,0,0
Empress Ale,2,2,0,0,0,2,0,0,0
Energizer,30,29,0,0,0,30,0,0,0
English Drinks Company,2,0,0,0,0,2,0,0,0
Epic,2,2,0,0,0,2,0,0,0
Epicure,15,15,15,0,15,0,0,0,0
Erdinger,3,3,3,0,3,0,0,0,0
Eroxon,1,1,0,0,0,1,0,0,0
Errazuriz,3,3,0,0,0,3,0,0,0
Esgir,1,1,0,0,0,1,0,0,0
Espolon,2,2,0,0,0,2,0,0,0
Essie,6,6,0,0,0,6,0,0,0
Estrella,6,6,0,0,0,6,0,0,0
Estrella Galicia,6,6,6,0,6,0,0,0,0
Evaristo,1,1,0,0,0,1,0,0,0
Ever Clean,7,7,0,0,0,7,0,0,0
Evian,3,3,0,0,0,3,0,0,0
Evolve Beauty,7,7,7,7,0,0,0,7,7
Excelsior,1,1,0,0,0,1,0,0,0
Eylure,3,3,0,0,0,3,0,0,0
Ezra Brooks,1,1,0,0,0,1,0,0,0
EzyDog,15,14,15,0,15,0,0,0,0
FLAVIA,2,2,0,0,0,2,0,0,0
FUEL10K,4,4,4,0,4,0,0,0,0
FUL,1,1,0,0,0,1,0,0,0
Fabbri,4,4,0,0,0,4,0,0,0
Fairy,97,91,0,0,0,97,0,0,0
Faith In Nature,1,1,0,0,0,1,0,0,0
Faldeo,1,1,0,0,0,1,0,0,0
Fallot,1,1,0,0,0,1,0,0,0
Famille Perrachon,1,1,0,0,0,1,0,0,0
Famille Perrin,2,2,0,0,0,2,0,0,0
Famous Grouse,2,2,0,0,0,2,0,0,0
Fanta,2,0,0,0,0,2,0,0,0
Farrow's,1,1,0,0,0,1,0,0,0
Fatt,3,3,0,0,0,3,0,0,0
Faustino,1,1,0,0,0,1,0,0,0
Fazer,2,2,0,0,0,2,0,0,0
Febreze,47,42,0,0,0,47,0,0,0
Feliway,6,6,0,0,0,6,0,0,0
Femfresh,3,3,3,1,2,0,0,1,1
Fenjal,2,1,0,0,0,2,0,0,0
Feragaia,1,1,0,0,0,1,0,0,0
Festive,1,1,0,0,0,1,0,0,0
Fetch,2,2,0,0,0,2,0,0,0
Fettercairn,1,1,0,0,0,1,0,0,0
Fever-Tree,61,53,61,59,2,0,0,59,52
Fibe,3,3,3,0,3,0,0,0,0
Fielden,1,1,0,0,0,1,0,0,0
Fifa,2,2,0,0,0,2,0,0,0
Fifty Pounds,1,1,0,0,0,1,0,0,0
Fiji,1,1,0,0,0,1,0,0,0
Filippo Berio,8,8,0,0,0,8,0,0,0
Finish,35,35,35,0,35,0,0,0,0
Finn Crisp,1,1,1,0,1,0,0,0,0
Fireball,3,3,0,0,0,3,0,0,0
Fish Hoek,4,4,0,0,0,4,0,0,0
Fisherman's Friend,1,1,0,0,0,1,0,0,0
Fitbakes,1,1,0,0,0,1,0,0,0
Fitzgeralds,1,1,0,0,0,1,0,0,0
Five,1,0,0,0,0,1,0,0,0
Fix8,4,4,0,0,0,4,0,0,0
Fixodent,4,4,0,0,0,4,0,0,0
Flamingo Pharma,3,3,0,0,0,3,0,0,0
Flarin,2,2,0,0,0,2,0,0,0
Flash,29,25,0,0,20,9,0,0,0
Flechas,2,2,0,0,0,2,0,0,0
Flechas de Los Andes,1,1,0,0,0,1,0,0,0
Fleurs de Prairie,3,3,0,0,0,3,0,0,0
Flexiseq,1,1,0,0,0,1,0,0,0
Flint,2,2,2,2,0,0,0,2,2
Flor De Cana,3,2,0,0,0,3,0,0,0
Floradix,1,1,1,0,1,0,0,0,0
Floss & Rock,15,15,0,0,0,15,0,0,0
Flow,4,4,4,0,4,0,0,0,0
Flowflex,2,2,0,0,0,2,0,0,0
Folkington's,1,0,0,0,0,1,0,0,0
Fonseca,1,1,0,0,0,1,0,0,0
Forthglade,2,2,0,0,0,2,0,0,0
Foster's,6,6,0,0,0,6,0,0,0
"Founded in 1981, Neal's Yard Remedies is a natural organic health and beauty pioneer. From small beginnings in a quiet corner of Covent Garden, we’ve expanded to become an organic world leader, with a growing presence across five continents. The secret ingredient to our global success is that we’ve always remained true to our belief that outer beauty and inner health should be in perfect balance.",1,1,1,0,1,0,0,0,0
FourFive,3,3,3,3,0,0,0,3,3
Fox's,1,1,0,0,0,1,0,0,0
Fragata,6,6,0,0,0,6,0,0,0
Fragelico,1,1,0,0,0,1,0,0,0
Franc Beausejour,2,2,0,0,0,2,0,0,0
Franciscan Estate,1,0,0,0,0,1,0,0,0
Francois Martenot,9,9,0,0,0,9,0,0,0
Frank Cooper,2,2,0,0,0,2,0,0,0
Frank's,4,4,0,0,0,4,0,0,0
Frankreich,1,1,0,0,0,1,0,0,0
Franziskaner,1,1,1,0,1,0,0,0,0
Free Soul,1,1,0,0,0,1,0,0,0
Freederm,3,3,3,3,0,0,0,3,3
Freedom Brewery,1,0,0,0,0,1,0,0,0
Freee,1,1,1,1,0,0,0,1,1
Frei Brothers,2,2,0,0,0,2,0,0,0
French Ambush,1,1,0,0,0,1,0,0,0
French Fries,2,2,0,0,0,2,0,0,0
French's,3,3,0,0,0,3,0,0,0
Frescobaldi,1,1,0,0,0,1,0,0,0
Frida Baby,8,8,0,0,0,8,0,0,0
Fris,3,3,0,0,0,3,0,0,0
Frontline,18,18,0,0,0,18,0,0,0
Frugi,3,3,0,0,0,3,0,0,0
Fudco,1,1,0,0,0,1,0,0,0
Fudge,3,3,0,0,0,3,0,0,0
Fudge Professional,11,11,0,0,0,11,0,0,0
Full Marks,1,1,0,0,0,1,0,0,0
Fuller's,4,4,0,0,0,4,0,0,0
Funkin,2,0,0,0,0,2,0,0,0
Fushi Wellbeing,4,4,0,0,0,4,0,0,0
Fybogel,2,2,0,0,0,2,0,0,0
G Spot,3,3,0,0,0,3,0,0,0
GAIL's,1,1,0,0,0,1,0,0,0
GENO,2,2,0,0,0,2,0,0,0
GHOST,1,1,0,0,0,1,0,0,0
Gaia,2,2,0,0,0,2,0,0,0
Galipette,1,1,1,1,0,0,0,1,1
Galoupet,1,1,0,0,0,1,0,0,0
Galpharm,9,7,0,0,0,9,0,0,0
Galt,19,17,0,0,0,19,0,0,0
Galvanina,11,11,11,0,11,0,0,0,0
Gardener's Mate,2,2,0,0,0,2,0,0,0
Gardman,3,2,0,0,0,3,0,0,0
Gardners,20,16,0,0,0,20,0,0,0
Gardners Books,33,29,0,0,0,33,0,0,0
Garner's,1,1,0,0,0,1,0,0,0
Garnier,14,13,0,3,0,11,0,3,3
Garofalo,3,3,0,0,0,3,0,0,0
Gary Barlow,3,3,0,0,0,3,0,0,0
Gatorade,6,3,0,0,0,6,0,0,0
Gauthier,1,1,0,0,0,1,0,0,0
Gaviscon,15,15,15,14,1,0,0,11,11
Gazillion,2,2,0,0,0,2,0,0,0
Geeta's,2,0,0,0,0,2,0,0,0
Gefen,2,2,0,0,0,2,0,0,0
Gem Imports,80,70,80,0,80,0,0,0,0
GenM,1,1,0,0,0,1,0,0,0
George East,17,17,0,0,0,17,0,0,0
Gerard Bertrand,6,6,0,0,0,6,0,0,0
Germolene,1,1,1,0,1,0,0,0,0
Germoloids,2,1,0,0,0,2,0,0,0
Get More Vits,10,8,10,0,10,0,0,0,0
Giesen,4,4,0,0,0,4,0,0,0
Giffard,1,1,0,0,0,1,0,0,0
Gilette Triple Prot,1,1,0,0,0,1,0,0,0
Gillette,42,40,42,0,42,0,0,0,0
Gillette Venus,27,27,0,0,0,27,0,0,0
Gin & Juice,3,0,0,0,0,3,0,0,0
Gin Mare,1,1,0,0,0,1,0,0,0
Gin Sul,1,1,0,0,0,1,0,0,0
Ginato,4,1,0,0,0,4,0,0,0
Giovanni,3,3,0,0,0,3,0,0,0
Glade,111,83,111,0,111,0,0,0,0
Glen Grant,1,1,0,0,0,1,0,0,0
Glen Keith,1,1,0,0,0,1,0,0,0
Glendalough,2,2,0,0,0,2,0,0,0
Glenelly,1,1,0,0,0,1,0,0,0
Glenfiddich,7,5,0,0,0,7,0,0,0
Glenmorangie,4,4,0,0,0,4,0,0,0
Go Ahead,4,2,0,0,0,4,0,0,0
Go Travel,10,10,0,0,0,10,0,0,0
Gold Leaf,2,2,0,0,0,2,0,0,0
Golden Virginia,3,3,0,0,0,3,0,0,0
Goldmine,1,1,0,0,0,1,0,0,0
Gonzalez Byass,4,4,0,0,0,4,0,0,0
Good 2 Heat,4,3,0,0,0,4,0,0,0
Good Boy,9,9,0,0,0,9,0,0,0
Good Earth,6,6,6,2,4,0,0,2,2
Goodies,3,3,0,0,0,3,0,0,0
Goodrays,5,5,0,0,0,5,0,0,0
Gordon Ramsay,2,2,0,0,0,2,0,0,0
Gordon's,18,16,0,0,0,18,0,0,0
Gorilla Glue,15,15,0,0,0,15,0,0,0
Goslings,2,2,0,0,0,2,0,0,0
Gosset,4,4,0,0,0,4,0,0,0
Got2b,1,1,0,0,0,1,0,0,0
Grace,20,20,20,2,18,0,0,1,1
Graham Norton,1,1,0,0,0,1,0,0,0
Graham's,5,4,0,0,0,5,0,0,0
Grand Marnier,1,1,0,0,0,1,0,0,0
Grandma's Hot Sauce,1,1,0,0,0,1,0,0,0
Granini,1,1,0,0,0,1,0,0,0
Grant's,3,2,0,0,0,3,0,0,0
Grape-Nuts,1,1,0,0,0,1,0,0,0
Grass & Co,9,9,0,0,0,9,0,0,0
Great Gizmos,7,6,0,0,0,7,0,0,0
Green Origins,4,4,0,0,0,4,0,0,0
Green People,17,13,0,11,5,0,1,10,8
GreenPan,7,4,7,0,7,0,0,0,0
GreenPolly,2,1,0,0,0,2,0,0,0
Greene King,6,5,0,0,0,6,0,0,0
Greene King Mixed,1,1,1,0,1,0,0,0,0
Greener Cleaner,20,11,0,0,0,20,0,0,0
Griddle Bakery,1,1,0,0,0,1,0,0,0
Grin,3,3,0,0,0,3,0,0,0
Grind,7,7,7,7,0,0,0,7,7
Gro Sure,6,5,0,0,0,6,0,0,0
Gro-Sure,1,1,0,0,0,1,0,0,0
Groomi,2,2,0,0,0,2,0,0,0
Guarana Antarctica,4,4,0,0,0,4,0,0,0
Guigal,2,2,0,0,0,2,0,0,0
Guinness,3,3,0,1,0,2,0,1,1
Guinness Draught,1,1,0,0,0,1,0,0,0
Guittard,3,3,0,0,0,3,0,0,0
Gunderloch,2,1,0,0,0,2,0,0,0
Gusto,1,1,0,0,0,1,0,0,0
HENKEL,1,1,1,0,1,0,0,0,0
HG,25,19,25,0,25,0,0,0,0
HIGH5,8,8,8,3,5,0,0,2,2
HIP,2,0,0,0,0,2,0,0,0
HOLOS,2,2,2,0,2,0,0,0,0
HP,6,6,0,0,0,6,0,0,0
Hahn,2,2,0,0,0,2,0,0,0
Haig,2,2,0,0,0,2,0,0,0
Haitai,2,2,0,0,0,2,0,0,0
Haliborange,10,10,10,3,7,0,0,0,0
Halls,1,1,0,0,0,1,0,0,0
Halo,4,4,0,0,0,4,0,0,0
Hamlet,1,1,0,0,0,1,0,0,0
Hapi,2,1,0,0,0,2,0,0,0
Happy Jackson,1,1,0,0,0,1,0,0,0
Happy Monkey,4,4,0,0,0,4,0,0,0
Happy Pet,9,9,0,0,0,9,0,0,0
Harpic,18,18,0,0,0,18,0,0,0
Harry Ramsden's,1,1,0,0,0,1,0,0,0
Harry's,14,14,14,14,0,0,0,14,14
Harviestoun,3,3,0,0,0,3,0,0,0
Havana,5,5,0,0,0,5,0,0,0
Hawkins & Brimble,3,3,3,3,0,0,0,3,3
Haymans,5,5,0,0,0,5,0,0,0
Head & Shoulders,42,42,42,0,42,0,0,0,0
Health & Her,7,7,0,3,2,2,0,3,3
Heartsease Farm,2,0,2,2,0,0,0,2,0
Hedrin,3,3,0,0,0,3,0,0,0
Hefty,2,2,0,0,0,2,0,0,0
Heidsieck Monopole,3,3,0,0,0,3,0,0,0
Heilala,1,1,1,1,0,0,0,0,0
Heineken,2,2,2,2,0,0,0,0,0
Heinz,42,40,42,4,38,0,0,3,3
Helix,3,3,0,0,0,3,0,0,0
Hellmann's,1,1,0,0,0,1,0,0,0
Hello Kitty,1,1,0,0,0,1,0,0,0
Hendrick's,6,5,6,6,0,0,0,6,5
Hengstenberg,1,1,0,0,0,1,0,0,0
Hennessy,3,3,0,0,0,3,0,0,0
Henri Bourgeois,3,3,0,0,0,3,0,0,0
Herbal Essences,10,10,0,0,0,10,0,0,0
Herbalistas,3,1,0,0,0,3,0,0,0
Hero,2,2,0,0,0,2,0,0,0
Hero Cosmetics,3,3,0,0,0,3,0,0,0
Herradura,1,1,0,0,0,1,0,0,0
Heyland & Whittle,3,3,0,0,0,3,0,0,0
Hi-Spirits,1,1,0,0,0,1,0,0,0
HiPP Organic,2,2,0,0,0,2,0,0,0
Hidalgo,1,1,0,0,0,1,0,0,0
Higher Nature,4,4,4,2,2,0,0,1,1
Highland Park,2,1,0,0,0,2,0,0,0
Highland Spring,12,10,12,0,12,0,0,0,0
Hinch,1,1,0,0,0,1,0,0,0
Hip Pop,3,3,0,0,0,3,0,0,0
Hobgoblin,11,11,11,0,11,0,0,0,0
Hoegaarden,2,2,0,0,0,2,0,0,0
Holland & Barrett,70,55,70,2,68,0,0,1,0
Home Made,1,1,0,0,0,1,0,0,0
Homedics,1,1,0,0,0,1,0,0,0
Homepride,5,5,0,0,0,5,0,0,0
Honeyfield's,3,3,0,0,0,3,0,0,0
Hoot,44,26,44,0,44,0,0,0,0
Hootyballoo,7,7,0,0,0,7,0,0,0
Hornby,10,10,0,0,0,10,0,0,0
Horse with No Name,1,1,0,0,0,1,0,0,0
Horwood,1,1,0,0,0,1,0,0,0
Hot Wheels,2,2,0,0,0,2,0,0,0
House,2,2,0,0,0,2,0,0,0
House of Cake,1,1,0,0,0,1,0,0,0
House of Paws,9,9,0,0,0,9,0,0,0
House of Suntory,1,1,0,0,0,1,0,0,0
Hovis,10,10,0,0,0,10,0,0,0
Howard Park,1,1,0,0,0,1,0,0,0
Hug Rug,1,1,1,0,1,0,0,0,0
HugRug,3,3,0,0,0,3,0,0,0
Huggies,31,30,0,0,28,0,3,0,0
Hula Hoops,4,4,0,0,0,4,0,0,0
Huligan,2,2,0,0,0,2,0,0,0
Humza,1,1,0,0,0,1,0,0,0
Hungry Caterpillar,1,1,0,0,0,1,0,0,0
Hunter&Gather,2,2,0,0,0,2,0,0,0
Hy-pro,3,3,0,0,0,3,0,0,0
Hyde Irish Whisky,1,1,0,0,0,1,0,0,0
Hydréa London,15,15,15,11,4,0,0,9,9
ICTC,2,2,0,0,0,2,0,0,0
IHR Ideal Home Range,2,2,0,0,0,2,0,0,0
INEOS,13,13,13,8,5,0,0,8,8
ITSON,5,0,0,0,0,5,0,0,0
Ibuleve,3,3,0,0,0,3,0,0,0
Ibuprofen,1,1,0,0,0,1,0,0,0
Icelandic,2,2,0,0,0,2,0,0,0
If You Care,5,5,0,0,0,5,0,0,0
Igloo Books,63,61,63,0,63,0,0,0,0
Iglu,1,1,1,1,0,0,0,1,1
Imodium,1,1,0,0,0,1,0,0,0
Imperial Dragon,2,2,0,0,0,2,0,0,0
Imperial Leather,3,1,0,0,0,3,0,0,0
Inch's,3,3,3,3,0,0,0,3,3
Indomie,8,8,0,0,0,8,0,0,0
Innocent,3,3,3,0,3,0,0,0,0
Intersand,3,3,0,0,0,3,0,0,0
Invisibobble,19,19,19,0,19,0,0,0,0
Iquarti,1,0,0,0,0,1,0,0,0
Irn-Bru,1,1,0,0,0,1,0,0,0
Isabel Estate,1,1,0,0,0,1,0,0,0
Isla Negra,8,8,0,0,0,8,0,0,0
Isle Of Jura,2,2,0,0,0,2,0,0,0
Isolabella,2,2,0,0,0,2,0,0,0
Issey Miyake,1,1,1,0,1,0,0,0,0
Itch,16,15,0,0,0,16,0,0,0
Itsu,2,1,0,0,0,2,0,0,0
Itsuki,1,1,0,0,0,1,0,0,0
J-Basket,2,2,0,0,0,2,0,0,0
JESSICA,6,6,0,0,0,6,0,0,0
JJ Whitley,12,12,12,0,12,0,0,0,0
JP Chenet,9,8,0,0,0,9,0,0,0
JPS,1,1,0,0,0,1,0,0,0
Jack & Lily,2,2,0,0,0,2,0,0,0
Jack Daniel's,13,13,0,0,0,13,0,0,0
Jack N Jill,4,3,0,0,0,4,0,0,0
Jacob's,12,12,0,0,0,12,0,0,0
Jacob's Creek,7,7,0,0,0,7,0,0,0
Jagermeister,3,2,0,0,0,3,0,0,0
Jaimin,1,1,0,0,0,1,0,0,0
Jakemans,1,1,0,0,0,1,0,0,0
Jam Shed,2,2,0,0,0,2,0,0,0
James Galt,6,6,0,0,0,6,0,0,0
James White,2,2,0,0,0,2,0,0,0
Jameson,7,7,0,0,0,7,0,0,0
Jamie Oliver,10,10,0,0,0,10,0,0,0
Janod,13,9,0,0,0,13,0,0,0
Jasons,1,1,1,1,0,0,0,1,1
Jawbox,3,3,0,0,0,3,0,0,0
Jax Coco,1,0,0,0,0,1,0,0,0
Jelly Belly,1,1,0,0,0,1,0,0,0
Jellyworks,10,10,0,0,0,10,0,0,0
Jim Barry,1,1,0,0,0,1,0,0,0
Jim Beam,4,4,0,0,0,4,0,0,0
Jinro,2,0,0,0,0,2,0,0,0
Joe's Cat,1,1,0,0,0,1,0,0,0
John Frieda,63,58,63,37,26,0,0,36,35
John Masters Organic,3,3,0,0,0,3,0,0,0
Johnnie Walker,10,8,0,0,0,10,0,0,0
Johnny's Chop Shop,6,6,0,0,0,6,0,0,0
Johnson's,3,3,0,0,0,3,0,0,0
Johnson's Baby,23,21,23,0,23,0,0,0,0
Johnsons Seeds,1,1,1,0,1,0,0,0,0
Jolen,3,3,0,0,0,3,0,0,0
Jordans,10,10,0,0,0,10,0,0,0
Joseph Joseph,57,54,0,0,0,57,0,0,0
Josh Wood Colour,2,2,0,0,0,2,0,0,0
Joules,1,1,0,0,0,1,0,0,0
Journey's End,2,1,0,0,0,2,0,0,0
Jps Players,1,1,0,0,0,1,0,0,0
Jude,6,6,0,0,0,6,0,0,0
Jude's,2,2,0,0,0,2,0,0,0
Judge,49,37,49,0,49,0,0,0,0
Judge Everyday,1,0,0,0,0,1,0,0,0
Jungle Formula,3,2,0,0,0,3,0,0,0
Jura,4,4,0,0,0,4,0,0,0
Just For Men,4,4,0,0,0,4,0,0,0
Just Gourmet Foods,2,2,0,0,0,2,0,0,0
Just Slate,2,2,0,0,0,2,0,0,0
Just Spices,1,0,0,0,0,1,0,0,0
KI NO BI,1,1,1,0,1,0,0,0,0
KIT & KIN,3,3,0,0,0,3,0,0,0
KP,2,2,0,0,0,2,0,0,0
KP Nuts,7,7,0,0,0,7,0,0,0
KPOP,1,1,0,0,0,1,0,0,0
KTC,3,3,0,0,0,3,0,0,0
KY Jelly,1,1,0,0,0,1,0,0,0
Kahlua,2,2,0,0,0,2,0,0,0
Kalms,2,2,0,0,0,2,0,0,0
Kandoo,2,2,0,0,0,2,0,0,0
Kanonkop,1,1,0,0,0,1,0,0,0
Karma Cola,4,1,0,0,0,4,0,0,0
Karo,2,2,0,0,0,2,0,0,0
Kedem,1,1,0,0,0,1,0,0,0
Kellogg's,8,5,0,0,0,8,0,0,0
Kellogg's All Bran,6,6,0,0,0,6,0,0,0
Kellogg's Coco Pops,9,8,0,0,0,9,0,0,0
Kellogg's Corn Flakes,4,4,0,0,0,4,0,0,0
Kellogg's Frosties,3,3,0,0,0,3,0,0,0
Kellogg's Fruit 'n Fibre,2,2,0,0,0,2,0,0,0
Kellogg's Rice Krispies,6,6,0,0,0,6,0,0,0
Kellogg's Special K,4,4,0,0,0,4,0,0,0
Kellogg's Variety Pack,1,1,1,0,1,0,0,0,0
Kelly Loves,4,0,0,0,0,4,0,0,0
Ken Hom,2,2,0,0,0,2,0,0,0
Kendamil,2,2,0,0,0,2,0,0,0
Kent,1,1,0,0,0,1,0,0,0
Kent & Stowe,1,1,0,0,0,1,0,0,0
Ketel One,1,1,0,0,0,1,0,0,0
KidAntics,2,2,0,0,0,2,0,0,0
Kiddylicious,15,15,15,0,15,0,0,0,0
Kidz Labs,3,2,0,0,0,3,0,0,0
Kikkoman,1,0,0,0,0,1,0,0,0
Kilner,36,36,36,0,36,0,0,0,0
Kilrock,8,8,0,0,0,8,0,0,0
Kimura,4,4,0,0,0,4,0,0,0
KinKind,1,1,1,0,1,0,0,0,0
King C. Gillette,4,4,4,0,4,0,0,0,0
Kirin Ichiban,1,1,0,0,0,1,0,0,0
Kirker & Greer,1,1,0,0,0,1,0,0,0
Kirstys,2,2,0,0,0,2,0,0,0
Kitchen Craft,5,5,0,0,0,5,0,0,0
KitchenAid,33,26,33,0,33,0,0,0,0
KitchenCraft,38,35,0,0,0,38,0,0,0
Kiwi Cuvee,2,2,0,0,0,2,0,0,0
Kleenex,23,22,23,0,23,0,0,0,0
Klorane,14,14,14,14,0,0,0,14,14
Knob Creek,1,1,0,0,0,1,0,0,0
Knorr,2,2,0,0,0,2,0,0,0
Ko-Lee,1,0,0,0,0,1,0,0,0
Kohinoor,1,1,1,1,0,0,0,0,0
Koikeya,2,1,0,0,0,2,0,0,0
Koko Kanu,1,1,0,0,0,1,0,0,0
Kokomo,3,3,0,0,0,3,0,0,0
Kopke,8,8,0,0,0,8,0,0,0
Kopparberg,7,5,0,2,0,5,0,2,1
Korbond,18,18,0,0,0,18,0,0,0
Korean Street,2,2,0,0,0,2,0,0,0
Korres,3,3,0,0,0,3,0,0,0
Kotex,4,4,0,0,0,4,0,0,0
Kraft,1,1,0,0,0,1,0,0,0
Kraken,3,3,0,0,0,3,0,0,0
Krispy Kreme,1,1,0,0,0,1,0,0,0
Krombacher,4,4,0,0,0,4,0,0,0
Kronenbourg 1664,6,6,0,0,0,6,0,0,0
Krug,1,1,0,0,0,1,0,0,0
Kucharek,2,2,0,0,0,2,0,0,0
Kuhn Rikon,9,9,0,0,0,9,0,0,0
Kuhne,5,5,0,0,0,5,0,0,0
Kumala,2,2,0,0,0,2,0,0,0
Kurkure,2,2,0,0,0,2,0,0,0
Kvuzat Yavne,2,2,0,0,0,2,0,0,0
Kwai Feh,1,1,1,0,1,0,0,0,0
Kyro,1,1,0,0,0,1,0,0,0
L'OR,8,8,0,0,0,8,0,0,0
L'Oreal Elnett,4,4,0,0,0,4,0,0,0
L'Oreal Elvive,52,52,52,0,52,0,0,0,0
L'Oreal Men Expert,48,48,0,0,0,48,0,0,0
L'Oreal Paris,94,94,0,0,0,94,0,0,0
L'Oreal Studio Line,3,3,0,0,0,3,0,0,0
L'Oreals Mens Expert,1,1,0,0,0,1,0,0,0
L'Oréal Paris,23,23,0,0,0,23,0,0,0
L'oreal,15,15,0,0,0,15,0,0,0
LADY A,2,2,0,0,0,2,0,0,0
LAV Kids,6,6,0,0,0,6,0,0,0
LEGO,39,31,0,0,0,39,0,0,0
LES GRANDE,1,1,0,0,0,1,0,0,0
La Baume,3,3,0,0,0,3,0,0,0
La Baume St Paul,2,2,0,0,0,2,0,0,0
La Cafetière,5,4,0,0,0,5,0,0,0
La Clique,3,3,0,0,0,3,0,0,0
La Deliziosa,2,2,0,0,0,2,0,0,0
La Fiesta,1,1,0,0,0,1,0,0,0
La Focaccina Bo,1,1,1,0,1,0,0,0,0
La Gioiosa,1,1,0,0,0,1,0,0,0
La Hacienda,1,1,0,0,0,1,0,0,0
La Hechicera,1,1,0,0,0,1,0,0,0
La P'tite Pierre,2,2,0,0,0,2,0,0,0
La Preare,4,4,0,0,0,4,0,0,0
La Rochere,2,2,0,0,0,2,0,0,0
La Vieille,3,3,0,0,0,3,0,0,0
Lacheteau,8,8,0,0,0,8,0,0,0
Ladybird Books,1,1,0,0,0,1,0,0,0
Lafite,1,1,0,0,0,1,0,0,0
Lafitte Legende,3,3,0,0,0,3,0,0,0
Lagavulin,2,1,0,0,0,2,0,0,0
Laila,7,6,0,0,0,7,0,0,0
Lakes Distillery,9,8,0,0,0,9,0,0,0
Lallier,4,4,0,0,0,4,0,0,0
Lamaze,5,5,0,0,0,5,0,0,0
Lamb's,3,3,0,0,0,3,0,0,0
Lambert & Butler,2,2,0,0,0,2,0,0,0
Lamisil,1,1,0,0,0,1,0,0,0
Landsaver,1,1,0,0,0,1,0,0,0
Lansinoh,7,7,0,0,0,7,0,0,0
Lanson,4,4,0,0,0,4,0,0,0
Laphroaig,4,4,0,0,0,4,0,0,0
Laurent Brotte,3,3,0,0,0,3,0,0,0
Laurent Perrier,3,3,0,0,0,3,0,0,0
Laurenz V,1,1,0,0,0,1,0,0,0
Lavazza,11,8,0,0,0,11,0,0,0
Laylo,3,3,0,0,0,3,0,0,0
Le Petit,1,1,0,0,0,1,0,0,0
Le Petit Olivier,25,25,25,25,0,0,0,2,2
Le Veneziane,5,5,0,0,0,5,0,0,0
LePanto,1,1,0,0,0,1,0,0,0
Lee Kum Kee,4,4,0,0,0,4,0,0,0
Leffe,4,4,0,0,0,4,0,0,0
Legaris,1,1,0,0,0,1,0,0,0
Lego Classic,1,1,0,0,0,1,0,0,0
Lemsip,2,2,0,0,0,2,0,0,0
Lenor,45,39,45,0,45,0,0,0,0
Lepicol,2,2,0,0,0,2,0,0,0
Les Dauphins,7,7,0,0,0,7,0,0,0
Les Deux Pins,4,4,0,0,0,4,0,0,0
Les Grands Chais,2,2,0,0,0,2,0,0,0
Lexis,2,0,0,0,0,2,0,0,0
Leyda,2,2,0,0,0,2,0,0,0
Licor,1,1,1,1,0,0,0,1,1
Lil-lets,24,24,24,24,0,0,0,24,24
Liljeholmens,14,14,0,0,0,0,14,0,0
Lillet,3,3,0,0,0,3,0,0,0
Lily's Kitchen,6,6,0,0,0,6,0,0,0
Limca,1,1,0,0,0,1,0,0,0
Limonce,1,0,0,0,0,1,0,0,0
Lindemans,1,1,0,0,0,1,0,0,0
Lindt,2,2,0,0,0,2,0,0,0
Lintbells,1,1,0,0,0,1,0,0,0
Lipton,14,13,0,0,0,14,0,0,0
Listerine,21,21,21,0,21,0,0,0,0
Litmus,1,1,0,0,0,1,0,0,0
Little Freddie,2,2,0,0,0,2,0,0,0
Little Learners,1,1,1,0,1,0,0,0,0
Little Soap Company,2,0,0,0,0,2,0,0,0
Little's,17,17,17,17,0,0,0,17,17
Living Things,7,7,0,0,0,7,0,0,0
Locknlock,48,48,0,0,0,48,0,0,0
Loctite,4,4,0,0,0,4,0,0,0
London Essence Co.,3,1,3,2,1,0,0,1,0
London Nootropics,3,3,0,0,0,3,0,0,0
Long Tail Mixers,1,1,0,0,0,0,1,0,0
Loron,1,1,0,0,0,1,0,0,0
Los Vascos,6,6,0,0,0,6,0,0,0
Lost Mary,8,8,0,0,0,8,0,0,0
Lotte Chum Churum,5,5,0,0,0,5,0,0,0
Louis De Camponac,1,1,0,0,0,1,0,0,0
Louis Jadot,5,5,0,0,0,5,0,0,0
Louis Latour,5,5,0,0,0,5,0,0,0
Louis Pommery England,1,1,0,0,0,1,0,0,0
Louis Roederer,1,1,0,0,0,1,0,0,0
Love Pickle,1,1,1,1,0,0,0,1,1
Loyd Grossman,6,6,0,0,0,6,0,0,0
Lucozade,15,15,15,15,0,0,0,13,13
Lumara,1,1,1,0,1,0,0,0,0
Luxardo,2,0,2,2,0,0,0,0,0
Lyclear,1,1,0,0,0,1,0,0,0
Lyle's,3,3,0,0,0,3,0,0,0
Lyme Bay Winery,1,1,0,0,0,1,0,0,0
Lynx,47,45,0,1,19,27,0,1,1
M&S,5902,5065,5902,52,5850,0,0,48,41
MAM UK LTD,24,22,0,0,0,24,0,0,0
MAMA,4,4,0,0,0,4,0,0,0
MEXGROCER,1,1,0,0,0,1,0,0,0
MIKOS,1,1,1,0,1,0,0,0,0
MISSION TEA,13,13,13,13,0,0,0,13,13
MM Flowers,7,6,0,0,0,7,0,0,0
MOM,1,1,0,0,0,1,0,0,0
MONTASOLO,2,2,0,0,0,2,0,0,0
MacPhie,1,1,0,0,0,1,0,0,0
Macleans,1,1,0,0,0,1,0,0,0
Mad Fish,2,2,0,0,0,2,0,0,0
Madame F,2,0,0,0,0,2,0,0,0
Made in Mendoza,1,1,0,0,0,1,0,0,0
Madri,5,4,0,0,0,5,0,0,0
Maggi,4,4,0,0,0,4,0,0,0
Magic Painting,1,1,1,0,1,0,0,0,0
Magners,3,3,0,0,0,3,0,0,0
Magnum,2,1,0,0,0,2,0,0,0
Mahou,1,1,0,0,0,1,0,0,0
Maison Perrier,6,6,0,0,0,6,0,0,0
Maize & Grace,1,1,0,0,0,1,0,0,0
Makers Mark,3,3,0,0,0,3,0,0,0
Malfy,4,4,4,0,4,0,0,0,0
Malibu,4,4,0,0,0,4,0,0,0
Mammos,1,1,0,0,0,1,0,0,0
Manuscript,1,1,0,0,0,1,0,0,0
Maple Shack,1,1,0,0,0,1,0,0,0
Margaret Dabbs London,1,1,0,0,0,1,0,0,0
Marigold,10,10,0,0,0,10,0,0,0
Marina,2,2,0,0,0,2,0,0,0
Mark West,1,1,0,0,0,1,0,0,0
Marks & Spencer,21,20,21,0,21,0,0,0,0
Marlboro,4,4,0,0,0,4,0,0,0
Marleybones,2,2,0,0,0,2,0,0,0
Marmite,2,2,0,0,0,2,0,0,0
Marques de Grinon,4,3,0,0,0,4,0,0,0
Marques de Tomares,2,2,0,0,0,2,0,0,0
Marriages,5,3,0,0,0,5,0,0,0
Marston's,1,0,0,0,0,1,0,0,0
Martell,5,5,0,0,0,5,0,0,0
Martini,6,5,0,0,0,6,0,0,0
Marvel,1,1,0,0,0,1,0,0,0
Marvis,6,6,0,0,0,6,0,0,0
Mash Direct,3,3,0,0,0,3,0,0,0
Mason Cash,44,41,44,0,44,0,0,0,0
Masons of Yorkshire,5,5,0,0,0,5,0,0,0
MasterClass,34,33,34,0,34,0,0,0,0
Masterplug,1,1,1,0,1,0,0,0,0
Matchstick Monkey,5,5,0,0,0,5,0,0,0
Mateus,2,2,0,0,0,2,0,0,0
Matusalem,1,1,0,0,0,1,0,0,0
Max Factor,48,48,48,8,40,0,0,8,8
Maxipos,1,1,0,0,0,1,0,0,0
Maybelline,18,18,18,1,17,0,0,0,0
Mayfair,1,1,0,0,0,1,0,0,0
Mazzetti,3,2,0,0,0,3,0,0,0
McCoy's,5,4,0,0,0,5,0,0,0
McDougalls,2,2,0,0,0,2,0,0,0
McGuigan,10,10,0,3,0,7,0,3,3
Mcvitie's,9,8,0,0,0,9,0,0,0
Med Cuisine,2,2,0,0,0,2,0,0,0
Medela,8,8,0,0,0,8,0,0,0
Melissa & Doug,1,0,0,0,0,1,0,0,0
Melitta,1,1,1,0,1,0,0,0,0
Melvit,1,1,0,0,0,1,0,0,0
Memorial,1,1,0,0,0,1,0,0,0
Menier,1,1,0,0,0,1,0,0,0
Mentos,1,1,0,0,0,1,0,0,0
Mepal,14,14,0,0,0,14,0,0,0
Mesa,3,3,0,0,0,3,0,0,0
Messer del Fauno,1,1,0,0,0,1,0,0,0
Metaxa,1,1,0,0,0,1,0,0,0
Method,56,54,56,56,0,0,0,56,54
Meyer,2,2,0,0,0,2,0,0,0
Miaderma,1,0,0,0,0,1,0,0,0
Mielle,4,4,0,0,0,4,0,0,0
Mighty Mats,14,14,0,0,0,14,0,0,0
Mikasa,24,22,0,0,0,24,0,0,0
Milan,16,16,0,0,0,16,0,0,0
Milk & Honey,4,4,0,0,0,4,0,0,0
Milkaid,2,2,0,0,0,2,0,0,0
Millers,2,2,0,0,0,2,0,0,0
Milton,1,1,0,0,0,1,0,0,0
Miniml,19,19,19,19,0,0,0,19,19
Ministry of Tea,2,2,0,0,0,2,0,0,0
Minky,16,16,16,0,16,0,0,0,0
Minuty,2,2,0,0,0,2,0,0,0
Mirabeau,6,6,6,4,2,0,0,0,0
Miraval,4,4,0,0,0,4,0,0,0
Miso Tasty,1,1,0,0,0,1,0,0,0
Mitchum,18,18,0,16,1,0,1,16,16
Mitsuba,8,6,0,0,0,8,0,0,0
Modelo,2,2,0,0,0,2,0,0,0
Moet & Chandon,8,6,0,0,0,8,0,0,0
Mogu Mogu,5,4,0,0,0,5,0,0,0
Moillard,4,3,0,0,0,4,0,0,0
Moju,5,5,5,0,5,0,0,0,0
Molinari,1,1,1,0,1,0,0,0,0
Monday,6,6,0,0,0,6,0,0,0
Monin,2,2,0,0,0,2,0,0,0
Monkey 47,2,2,0,0,0,2,0,0,0
Monkey Shoulder,2,2,0,0,0,2,0,0,0
Monster,13,11,0,0,0,13,0,0,0
Monster Munch,1,0,0,0,0,1,0,0,0
Mont Blanc,1,1,0,0,0,1,0,0,0
Montezuma's,1,1,0,0,0,1,0,0,0
Morita,1,0,0,0,0,1,0,0,0
Morris & Co,2,2,0,0,0,2,0,0,0
Moskovskaya,1,1,1,0,1,0,0,0,0
Moth,11,11,11,11,0,0,0,11,11
Moulin,1,1,0,0,0,1,0,0,0
Mount Gay,5,5,5,4,1,0,0,4,4
Mountain Dew,2,2,0,0,0,2,0,0,0
Mouton Cadet,1,0,0,0,0,1,0,0,0
Movicol,2,2,0,0,0,2,0,0,0
Mozart,1,1,0,0,0,1,0,0,0
Mr Bright,3,0,0,0,0,3,0,0,0
Mr Filbert's,3,3,0,0,0,3,0,0,0
Mr Fothergills Seeds,36,32,0,0,0,36,0,0,0
Mr Kipling,2,2,0,0,0,2,0,0,0
Mr Muscle,13,13,0,0,0,13,0,0,0
Mr Sheen,6,5,0,0,0,6,0,0,0
Mucho Mas,3,3,0,0,0,3,0,0,0
Mud House,4,4,0,0,0,4,0,0,0
Mug Shot,1,0,0,0,0,1,0,0,0
Mumm,4,4,0,0,0,4,0,0,0
Murine,2,2,0,0,0,2,0,0,0
Murphy's,1,1,1,0,1,0,0,0,0
Murrays Manicure,7,0,0,0,0,7,0,0,0
Mustela,5,4,0,0,0,5,0,0,0
Mutti,11,11,0,0,0,11,0,0,0
My Carry Potty,11,11,11,0,11,0,0,0,0
My Expert Midwife,2,2,0,0,0,2,0,0,0
My House & Home,1,1,0,0,0,1,0,0,0
NIVEA FOR MEN,23,22,0,0,0,23,0,0,0
Nails Inc.,44,39,44,41,3,0,0,31,27
Nairn's,3,3,3,0,3,0,0,0,0
Nakd,1,1,0,0,0,1,0,0,0
Naked,2,0,0,0,0,2,0,0,0
Naked Grouse,1,0,0,0,0,1,0,0,0
Naked Life,2,2,0,0,0,2,0,0,0
Naked Noodles,2,0,0,0,0,2,0,0,0
Naked Paper,4,4,4,4,0,0,0,4,4
Namdong,2,2,0,0,0,2,0,0,0
Nando's,2,2,0,0,0,2,0,0,0
Napisan,1,1,0,0,0,1,0,0,0
Napolina,2,2,0,0,0,2,0,0,0
National Gallery,1,1,1,1,0,0,0,0,0
National Trust,2,2,0,0,0,2,0,0,0
Natoora,6,2,0,0,0,6,0,0,0
Natracare,1,1,1,1,0,0,0,1,1
Natural Days,2,2,0,0,0,2,0,0,0
Natural Elements,16,16,16,0,16,0,0,0,0
Naturals,4,3,0,0,0,4,0,0,0
Nature Valley,1,1,0,0,0,1,0,0,0
Nature's Finest,1,1,1,1,0,0,0,1,1
Natures Aid,5,5,0,0,0,5,0,0,0
Natures Finest,2,2,2,2,0,0,0,2,2
Naturtint,2,2,0,0,0,2,0,0,0
Naturya,1,1,0,0,0,1,0,0,0
Navarrico,1,1,1,0,1,0,0,0,0
Navigate,27,23,0,0,0,27,0,0,0
Navigator,1,1,0,0,0,1,0,0,0
Neal's Yard Remedies,21,16,21,16,5,0,0,12,8
Neat,6,6,6,6,0,0,0,6,6
Nectar & Nature,3,3,0,0,0,3,0,0,0
Neil Ellis,1,1,0,0,0,1,0,0,0
Nerds,1,1,0,0,0,1,0,0,0
Nescafe,3,3,0,0,0,3,0,0,0
Nescafe Espresso,2,2,0,0,0,2,0,0,0
Nesquik,4,4,0,0,0,4,0,0,0
Nestle Cheerios,4,4,0,0,0,4,0,0,0
Nestle Curiously,2,2,0,0,0,2,0,0,0
Nestle GoFree,1,1,0,0,0,1,0,0,0
Nestle Nesquik,4,4,0,0,0,4,0,0,0
Nestle Other,3,3,0,0,0,3,0,0,0
Neutradol,5,5,0,0,0,5,0,0,0
Neutrogena,48,48,48,0,48,0,0,0,0
New Nordic,1,1,1,0,1,0,0,0,0
New York Distilling Company,1,1,0,0,0,1,0,0,0
Newfoundland,7,7,0,0,0,7,0,0,0
Nexba,4,3,4,2,2,0,0,0,0
Nexium,3,3,0,0,0,3,0,0,0
Ngine,1,1,0,0,0,1,0,0,0
Nicky,3,3,0,0,0,3,0,0,0
Nicky Elite,1,1,0,0,0,1,0,0,0
Nico Lazaridi,2,2,0,0,0,2,0,0,0
Nicolas Feuillatte,2,2,0,0,0,2,0,0,0
Nicorette,23,23,23,0,23,0,0,0,0
Nicotinell,5,5,0,0,0,5,0,0,0
Nielsen Massey,2,2,0,0,0,2,0,0,0
Nik Naks,2,2,0,0,0,2,0,0,0
Nip & Fab,12,12,12,12,0,0,0,12,12
Niquitin Cq,6,6,0,0,0,6,0,0,0
Nishaan,1,1,0,0,0,1,0,0,0
Nissin,2,2,0,0,0,2,0,0,0
Nissin Soba,1,1,1,0,1,0,0,0,0
Nitty Gritty,1,1,0,0,0,1,0,0,0
Nivea,147,138,147,10,137,0,0,8,8
Nizoral,4,4,0,0,0,4,0,0,0
No 3,1,1,0,0,0,1,0,0,0
Nobby's Nuts,2,2,0,0,0,2,0,0,0
Noberasco,2,2,0,0,0,2,0,0,0
Nocco,4,4,4,4,0,0,0,4,4
Noilly Prat,1,1,0,0,0,1,0,0,0
Nongshim,3,3,0,0,0,3,0,0,0
Nordes,1,0,0,0,0,1,0,0,0
Nordic Spirit,2,2,0,0,0,2,0,0,0
Noughty,4,3,0,0,0,4,0,0,0
Novi,2,2,0,0,0,2,0,0,0
Now Designs,1,1,1,0,1,0,0,0,0
Nuco,24,22,24,0,24,0,0,0,0
Numanthia,1,1,0,0,0,1,0,0,0
Nurofen,16,15,0,0,0,16,0,0,0
Nuromol,2,2,0,0,0,2,0,0,0
Nyetimber,3,3,0,0,0,3,0,0,0
Nylabone,4,4,0,0,0,4,0,0,0
O'Boy,1,1,0,0,0,1,0,0,0
O'Keeffes,5,5,5,0,5,0,0,0,0
O'ndina,1,1,0,0,0,1,0,0,0
OHMG,4,4,4,0,4,0,0,0,0
OPI,1,1,0,0,0,1,0,0,0
OREE DES ROSES,1,1,0,0,0,1,0,0,0
OXO Softworks,29,29,29,0,29,0,0,0,0
Oatly,12,11,12,12,0,0,0,12,11
Oato,1,1,1,1,0,0,0,1,1
Oban,1,1,0,0,0,1,0,0,0
Ocado,134,131,0,0,37,97,0,0,0
Ocado Kiddo,14,14,0,0,5,9,0,0,0
Ocean Spray,10,10,10,0,10,0,0,0,0
OceanSaver,8,6,0,0,0,8,0,0,0
Octopus Publishing,1,1,0,0,0,1,0,0,0
Oderase,2,0,0,0,0,2,0,0,0
Odor-Eaters,3,3,3,0,3,0,0,0,0
Odor-Eeaters,1,1,0,0,0,1,0,0,0
Office Team,3,3,0,0,0,3,0,0,0
Ogx,21,21,21,0,21,0,0,0,0
Oh Lief,1,1,1,1,0,0,0,1,1
Ohh Deer,5,5,0,0,0,5,0,0,0
Oilatum,1,1,0,0,0,1,0,0,0
Olay,59,57,59,0,59,0,0,0,0
Olbas,1,1,0,0,0,1,0,0,0
Old El Paso,25,25,0,0,0,25,0,0,0
Old Empire,1,1,0,0,0,1,0,0,0
Old Forester,1,1,0,0,0,1,0,0,0
Old Holborn,1,1,0,0,0,1,0,0,0
Old Jamaica,1,1,1,0,1,0,0,0,0
Old Mout,3,3,0,1,0,2,0,0,0
Old Pulteney,1,1,1,1,0,0,0,1,1
Old Speckled Hen,9,9,0,0,0,9,0,0,0
Old Spice,7,7,0,0,0,7,0,0,0
Ole & Steen,4,4,0,0,0,4,0,0,0
Olmeca,1,1,0,0,0,1,0,0,0
Omaka Bay,1,1,0,0,0,1,0,0,0
On The Wall,1,1,0,0,0,1,0,0,0
One For Fun,4,4,0,0,0,4,0,0,0
One Living,5,4,0,0,0,5,0,0,0
One Nutrition,1,1,0,0,0,1,0,0,0
One Water,1,1,0,0,0,1,0,0,0
Opie Bennett,1,1,0,0,0,1,0,0,0
Opies,1,1,0,0,0,1,0,0,0
Optibac,2,2,2,0,2,0,0,0,0
Optimum Nutrition,9,8,0,0,0,9,0,0,0
Optrex,12,12,0,0,0,12,0,0,0
Orajel,1,1,1,0,1,0,0,0,0
Oral B,11,11,11,0,11,0,0,0,0
Oral-B,77,69,77,0,77,0,0,0,0
Orchard Toys,11,11,0,0,0,11,0,0,0
Orchard World,1,1,0,0,0,1,0,0,0
Orchardworld,3,1,0,0,0,3,0,0,0
Ordo,18,16,18,0,18,0,0,0,0
Oreo,8,8,0,0,0,8,0,0,0
Original Beans,1,1,0,0,0,1,0,0,0
Original Source,1,1,1,1,0,0,0,1,1
Orly,9,1,9,7,2,0,0,7,1
Osem,8,8,0,0,0,8,0,0,0
Oshee,3,3,0,0,0,3,0,0,0
Otafuku,1,1,0,0,0,1,0,0,0
Otex,3,3,3,2,1,0,0,2,2
Otrivine,5,4,0,0,0,5,0,0,0
Ottogi,5,5,0,0,0,5,0,0,0
Ottolenghi,1,1,1,0,1,0,0,0,0
Oumph!,1,1,1,1,0,0,0,1,1
Oust,3,3,0,0,0,3,0,0,0
Outd00r,2,2,0,0,0,2,0,0,0
Outland,1,1,0,0,0,1,0,0,0
Ouzo 12,1,1,0,0,0,1,0,0,0
Ovum,3,3,0,0,0,3,0,0,0
Ox Hardy,2,2,0,0,0,2,0,0,0
Oxford Landing,1,1,0,0,0,1,0,0,0
Oxo,3,3,0,0,0,3,0,0,0
Oxycool,3,3,0,0,0,3,0,0,0
Oxysept,1,1,0,0,0,1,0,0,0
Oyster,1,1,0,0,0,1,0,0,0
Oyster Bay,5,5,5,0,5,0,0,0,0
PG Tips,1,1,0,0,0,1,0,0,0
PLENISH,14,10,14,14,0,0,0,13,9
PMS International,1,1,0,0,0,1,0,0,0
POM Wonderful,1,1,0,0,0,1,0,0,0
PRAI,1,1,1,0,1,0,0,0,0
PUKKA,2,2,0,0,0,2,0,0,0
PUKPIP,1,0,1,0,1,0,0,0,0
PURE SPORT OIL LTD,7,7,7,7,0,0,0,7,7
Pack'd,1,1,0,0,0,1,0,0,0
Paclan,2,2,0,0,0,2,0,0,0
Pacquet Montagnac,1,1,0,0,0,1,0,0,0
Paddington,2,2,0,0,0,2,0,0,0
Palmer's,5,5,0,0,0,5,0,0,0
Palmolive,2,0,0,0,0,2,0,0,0
Pampers,16,16,0,0,0,16,0,0,0
Pampers Baby Dry,23,23,23,0,23,0,0,0,0
Pampers Harmonie,1,0,0,0,0,1,0,0,0
Pampers New Baby,6,6,0,0,0,6,0,0,0
Pampers Ninjamas,6,6,0,0,0,6,0,0,0
Pampers Premium Protection,14,14,14,0,14,0,0,0,0
Pampers Splashers,3,3,3,0,3,0,0,0,0
Pampers Wipes,4,4,0,0,0,4,0,0,0
Panadol,2,2,0,0,0,2,0,0,0
Panasonic,1,1,1,0,1,0,0,0,0
Panini,3,2,0,0,0,3,0,0,0
Panmigrol,1,1,0,0,0,1,0,0,0
Pantene,54,53,54,0,54,0,0,0,0
Paolo Leo,3,3,0,0,0,3,0,0,0
Paper Mate,12,9,12,0,12,0,0,0,0
Passoa,1,1,0,0,0,1,0,0,0
Pataks,2,2,0,0,0,2,0,0,0
Patch,7,7,7,7,0,0,0,7,7
Paul Cluver,1,1,0,0,0,1,0,0,0
Paul Goerg Champagne,2,2,0,0,0,2,0,0,0
Paul Jaboulet,1,1,0,0,0,1,0,0,0
Paul Mas,2,2,0,0,0,2,0,0,0
Paulaner,5,5,0,0,0,5,0,0,0
Paw Patrol,2,1,0,0,0,2,0,0,0
Paxo,1,1,1,0,1,0,0,0,0
Paxton,1,1,0,0,0,1,0,0,0
Peachie,2,2,0,0,0,2,0,0,0
Pearce Duff's,1,1,0,0,0,1,0,0,0
Pearl Drops,2,2,0,0,0,2,0,0,0
Pears,4,4,0,0,0,4,0,0,0
Pearsons,1,1,0,0,0,1,0,0,0
Peckish,4,2,0,0,0,4,0,0,0
Pelagonia,1,1,0,0,0,1,0,0,0
Pellegrino,3,3,0,0,0,3,0,0,0
Pemo,2,2,0,0,0,2,0,0,0
Penderyn,6,6,0,0,0,6,0,0,0
Penfolds,12,11,12,0,12,0,0,0,0
Pentire,3,3,3,3,0,0,0,3,3
Peppa Pig,3,0,0,0,0,3,0,0,0
Pepper Box,3,3,0,0,0,3,0,0,0
Pepsi,33,30,0,23,5,5,0,23,21
Percy & Reed,4,4,0,0,0,4,0,0,0
Perfect Ted,1,1,1,1,0,0,0,1,1
Pernod,4,4,0,0,0,4,0,0,0
Peroni,8,8,0,6,0,2,0,6,6
Perrier Jouet,6,6,0,0,0,6,0,0,0
Persil,53,42,53,0,53,0,0,0,0
Pet Brands,3,3,0,0,0,3,0,0,0
Petface,76,74,0,0,0,76,0,0,0
Petra,1,1,0,0,0,1,0,0,0
Pettex,4,4,0,0,0,4,0,0,0
Philip Kingsley,6,5,0,2,0,4,0,2,2
Philips,47,45,47,0,47,0,0,0,0
Phizz,1,1,0,0,0,1,0,0,0
Phoenix,2,2,0,0,0,2,0,0,0
Phox Ltd,1,0,0,0,0,1,0,0,0
Picard,2,2,0,0,0,2,0,0,0
Piccolo,9,7,0,0,0,9,0,0,0
Pierre Brevin,1,1,0,0,0,1,0,0,0
Pigment,24,21,24,0,24,0,0,0,0
Pilot,16,15,0,0,0,16,0,0,0
Pimms,6,5,0,0,0,6,0,0,0
Pinkster,2,2,0,0,0,2,0,0,0
Pintail,8,8,0,0,0,8,0,0,0
Pip & Nut,1,1,1,1,0,0,0,1,1
Pip Organic,1,1,1,1,0,0,0,1,1
Pirileve,2,2,0,0,0,2,0,0,0
Piriteze,2,2,0,0,0,2,0,0,0
Piz Buin,17,17,0,0,0,17,0,0,0
Plantin,2,1,0,0,0,2,0,0,0
Plants,3,3,0,0,0,3,0,0,0
Plantur39,5,4,0,0,0,5,0,0,0
Playmobil,40,25,0,0,0,40,0,0,0
Pledge,9,9,0,0,0,9,0,0,0
Plenty,10,9,10,0,10,0,0,0,0
Plus-Plus,29,29,29,0,29,0,0,0,0
Plymouth,2,2,0,0,0,2,0,0,0
Podback,2,2,0,0,0,2,0,0,0
Pogues,1,1,0,0,0,1,0,0,0
Pokemon,3,3,0,0,0,3,0,0,0
Pokeno,1,1,0,0,0,1,0,0,0
Pol Roger,2,2,0,0,0,2,0,0,0
Polar Gear,38,30,38,0,38,0,0,0,0
Polar Gear Kids,2,2,2,0,2,0,0,0,0
Poligrip,1,1,0,0,0,1,0,0,0
Polylina,6,6,0,0,0,6,0,0,0
Pomegreat,1,1,0,0,0,1,0,0,0
Pommery,5,5,0,0,0,5,0,0,0
Ponti,5,5,0,0,0,5,0,0,0
Pooch & Mutt,1,1,0,0,0,1,0,0,0
Poon's London,3,3,0,0,0,3,0,0,0
Pop-Ins,1,1,0,0,0,1,0,0,0
Poppi,10,10,10,10,0,0,0,10,10
Popz,3,3,0,0,0,3,0,0,0
Porte De Lima,1,1,0,0,0,1,0,0,0
Portfolio,1,1,0,0,0,1,0,0,0
Portmeirion,3,2,0,0,0,3,0,0,0
Portobello,4,4,0,0,0,4,0,0,0
Posca,4,2,0,0,0,4,0,0,0
Potette Plus,2,2,0,0,0,2,0,0,0
Potters,2,2,0,0,0,2,0,0,0
Potts,2,2,0,0,0,2,0,0,0
Pouilly,1,1,0,0,0,1,0,0,0
Pravha,1,0,0,0,0,1,0,0,0
Precision Engineered,6,5,0,0,0,6,0,0,0
Premier,2,2,0,0,0,2,0,0,0
Premier Decorations,3,3,0,0,0,3,0,0,0
Premier Housewares,8,8,0,0,0,8,0,0,0
Preppy,12,12,0,0,0,12,0,0,0
Press,2,2,2,0,2,0,0,0,0
Press Health foods,1,1,1,0,1,0,0,0,0
Prestat,1,1,0,0,0,1,0,0,0
Prestige,19,17,0,0,0,19,0,0,0
Prewett's,1,0,0,0,0,1,0,0,0
Price & Kensington,6,5,0,0,0,6,0,0,0
Price's Candles,4,4,0,0,0,4,0,0,0
Prices,28,28,28,12,16,0,0,10,10
Prices Candles,9,9,0,0,0,9,0,0,0
Primo,2,2,0,0,0,2,0,0,0
Pritt,2,2,0,0,0,2,0,0,0
Procamp,2,2,0,0,0,2,0,0,0
Proceive,5,5,5,5,0,0,0,5,5
Profoot,1,1,0,0,0,1,0,0,0
Promensil,1,1,0,0,0,1,0,0,0
Protein Formula For Nails,1,1,0,0,0,1,0,0,0
Protein World,3,3,0,0,0,3,0,0,0
Provoke,3,3,3,3,0,0,0,0,0
Prymat,1,1,0,0,0,1,0,0,0
Pudliszki,1,1,0,0,0,1,0,0,0
Puerto De Indias,1,1,0,0,0,1,0,0,0
Pukka Herbs,6,6,0,0,0,6,0,0,0
Pukka Pads,21,17,0,0,0,21,0,0,0
Pulpt,1,1,0,0,0,1,0,0,0
Pulsin,5,5,0,0,0,5,0,0,0
Pura,15,13,15,0,15,0,0,0,0
Purdey's,6,6,6,6,0,0,0,6,6
Pyramid Protect,10,10,0,0,0,10,0,0,0
Pyrex,54,49,54,0,54,0,0,0,0
Pyrocalm,1,1,0,0,0,1,0,0,0
QV,2,2,0,0,0,2,0,0,0
Quaker,12,12,0,0,0,12,0,0,0
Quentin Blake,2,2,2,0,2,0,0,0,0
Quickshine,1,1,0,0,0,1,0,0,0
Quinta,1,1,0,0,0,1,0,0,0
R & R ICE CREAM UK LTD,1,1,0,0,0,1,0,0,0
R Whites,1,1,0,0,0,1,0,0,0
RHS,1,1,0,0,0,1,0,0,0
ROKU,2,2,0,0,0,2,0,0,0
RSPB,2,2,0,0,0,2,0,0,0
RSW International,33,33,0,0,0,33,0,0,0
RUMMO,6,6,0,0,0,6,0,0,0
Radnor,8,8,0,0,0,8,0,0,0
Radox,41,40,0,0,0,41,0,0,0
Radox for Men,2,2,0,0,0,2,0,0,0
Raffaello,1,1,0,0,0,1,0,0,0
Raid,7,7,0,0,0,7,0,0,0
Raimat,1,0,0,0,0,1,0,0,0
Rajah,6,2,0,0,0,6,0,0,0
Rakusen's,1,0,0,0,0,1,0,0,0
Ramer,1,1,0,0,0,1,0,0,0
Rana,1,1,0,0,0,1,0,0,0
Random Harvest,4,0,0,0,0,4,0,0,0
Rare Tea,2,2,0,0,0,2,0,0,0
Ravenhead,33,32,33,0,33,0,0,0,0
Ravensburger,23,22,0,0,0,23,0,0,0
Ravenswood,1,0,0,0,0,1,0,0,0
Rayware,38,34,38,0,38,0,0,0,0
Ready Brek,1,1,0,0,0,1,0,0,0
Real Techniques,6,6,0,0,0,6,0,0,0
Realfoods by Organico,2,2,0,0,0,2,0,0,0
Rebel Kitchen,5,0,0,0,0,5,0,0,0
Red Bonny,1,1,0,0,0,1,0,0,0
Red Bull,16,15,16,16,0,0,0,16,15
Redbreast,1,1,0,0,0,1,0,0,0
Reflets de France,2,0,0,0,0,2,0,0,0
Regal,17,17,0,0,0,17,0,0,0
Regina,2,2,0,0,0,2,0,0,0
Reign Storm,1,0,0,0,0,1,0,0,0
Rem3dy Health,1,1,0,0,0,1,0,0,0
Remedy,5,2,5,1,4,0,0,1,1
Remy Martin,6,6,0,0,0,6,0,0,0
Remy Pannier,1,1,0,0,0,1,0,0,0
Renais,1,1,0,0,0,1,0,0,0
Rennie,10,10,0,0,0,10,0,0,0
Resolva,5,5,0,0,0,5,0,0,0
Resonance,1,1,0,0,0,1,0,0,0
Rex International,41,33,41,0,41,0,0,0,0
Rex London,53,48,53,0,53,0,0,0,0
Reyka Vodka,1,1,0,0,0,1,0,0,0
Reynolds,3,1,0,0,0,3,0,0,0
Rheal,7,7,0,0,0,7,0,0,0
Ribena,9,9,9,9,0,0,0,9,9
Richmond,2,2,0,0,0,2,0,0,0
Richmond Tobacco,1,1,0,0,0,1,0,0,0
Ridgeview,1,1,0,0,0,1,0,0,0
Rimapere,1,1,0,0,0,1,0,0,0
Rimmel,40,40,40,26,14,0,0,25,25
Rio,1,1,1,1,0,0,0,1,1
Riso Gallo,1,1,0,0,0,1,0,0,0
Ritter,1,1,0,0,0,1,0,0,0
Riverstone,1,1,0,0,0,1,0,0,0
Rizla,1,1,0,0,0,1,0,0,0
Robert Frederick,1,1,0,0,0,1,0,0,0
Robert Oatley,1,1,0,0,0,1,0,0,0
Robinsons,1,1,0,0,0,1,0,0,0
Robitussin,2,1,0,0,0,2,0,0,0
Rock Face,6,6,6,5,1,0,0,5,5
Rollagranola,2,2,0,0,0,2,0,0,0
Rolson,8,8,0,0,0,8,0,0,0
Romain Duvernay,2,2,0,0,0,2,0,0,0
Rombouts,2,2,0,0,0,2,0,0,0
Rooster Rojo,1,1,0,0,0,1,0,0,0
Roots & Wings,4,4,0,0,0,4,0,0,0
Rose di Ornella,1,1,0,0,0,1,0,0,0
Rose's,1,1,0,0,0,1,0,0,0
Roseblood,1,1,0,0,0,1,0,0,0
Rosewood,22,18,22,0,22,0,0,0,0
Rowan,26,24,26,0,26,0,0,0,0
Rowntree's,6,6,0,0,0,6,0,0,0
Royal Mail,5,5,0,0,0,5,0,0,0
Rozes,2,2,0,0,0,2,0,0,0
Rubicon,3,3,0,0,0,3,0,0,0
Rupert&rothschild,3,3,0,0,0,3,0,0,0
Rustenberg,2,2,0,0,0,2,0,0,0
Ryvita,5,5,0,0,0,5,0,0,0
S&B,4,4,0,0,0,4,0,0,0
SB,1,0,0,0,0,1,0,0,0
SHS Brands,2,2,0,0,0,2,0,0,0
SPACEGOODS,4,4,4,4,0,0,0,2,2
STOCKED,1,1,0,0,0,1,0,0,0
SUPER 8,4,3,0,0,0,4,0,0,0
Saba,1,1,0,0,0,1,0,0,0
Sabatier,3,3,0,0,0,3,0,0,0
Sacla,2,1,2,2,0,0,0,2,1
Safe & Sound,19,19,0,0,0,19,0,0,0
Sagatiba,1,1,0,0,0,1,0,0,0
Sailor Jerry,1,1,0,0,0,1,0,0,0
Saint Vincent,1,1,0,0,0,1,0,0,0
Sainte Beatrice,1,1,0,0,0,1,0,0,0
Sainte Rose,3,2,0,0,0,3,0,0,0
Saitaku,6,5,0,0,0,6,0,0,0
Salcombe,2,2,0,0,0,2,0,0,0
Sally Hansen,8,8,0,0,0,8,0,0,0
Salt of the Earth,2,2,0,0,0,2,0,0,0
Salter,4,3,0,0,0,4,0,0,0
Sambucol,2,2,2,0,2,0,0,0,0
Samuel Adams,1,1,0,0,0,1,0,0,0
Samuel Lamont,7,7,0,0,0,7,0,0,0
San Miguel,1,1,0,0,0,1,0,0,0
San Pellegrino,24,18,0,0,0,24,0,0,0
Sanatogen,1,0,0,0,0,1,0,0,0
Sancerre,1,1,0,0,0,1,0,0,0
Sanctuary Spa,2,2,2,2,0,0,0,2,2
Sandeman,4,4,0,0,0,4,0,0,0
Sanderson,1,1,0,0,0,1,0,0,0
Sanex,35,34,35,13,22,0,0,11,11
Sani Hands,1,1,0,0,0,1,0,0,0
Sanicat,11,11,0,0,0,11,0,0,0
Santa Carolina,2,2,0,0,0,2,0,0,0
Santa Margherita,1,1,0,0,0,1,0,0,0
Santa Maria,6,6,0,0,0,6,0,0,0
Santa Teresa,1,1,0,0,0,1,0,0,0
Santal,8,8,0,0,0,8,0,0,0
Saongwon,2,2,0,0,0,2,0,0,0
Sapphire,8,0,0,0,0,8,0,0,0
Sara Miller,2,2,0,0,0,2,0,0,0
Sarah Jessica Parker,1,1,0,0,0,1,0,0,0
Sardine Submarine,1,1,0,0,0,1,0,0,0
Sarson's,1,1,0,0,0,1,0,0,0
Sarti,1,1,0,0,0,1,0,0,0
Sass & Belle,7,7,0,0,0,7,0,0,0
Sassy B,1,1,0,0,0,1,0,0,0
Saunier de Camargue,1,1,0,0,0,1,0,0,0
Sausage Tree,1,1,0,0,0,1,0,0,0
Savlon,3,3,0,0,0,3,0,0,0
Sazerac,1,1,0,0,0,1,0,0,0
Scapa,1,1,0,0,0,1,0,0,0
Schar,7,7,0,0,0,7,0,0,0
Schofferhofer,1,1,0,0,0,1,0,0,0
Scholl,29,29,0,0,0,29,0,0,0
Schwabe Pharma,2,2,0,0,0,2,0,0,0
Schwartz,36,34,0,0,0,36,0,0,0
Schwarzkopf,4,3,0,0,0,4,0,0,0
Schweppes,4,4,0,0,0,4,0,0,0
Science in Sport,1,1,0,0,0,1,0,0,0
Scottish Fine Soaps,10,10,0,0,0,10,0,0,0
Screaming Devil,1,1,0,0,0,1,0,0,0
Scrubdaddy,8,8,0,0,0,8,0,0,0
Scrumbles,1,1,0,0,0,1,0,0,0
Sea Isle,1,1,0,0,0,1,0,0,0
Second Nature,1,1,0,0,0,1,0,0,0
Seep,11,9,11,11,0,0,0,11,9
Seignette,1,1,0,0,0,1,0,0,0
Selbrae,2,2,0,0,0,2,0,0,0
Selenacare,19,19,19,13,6,0,0,13,13
Self Care Co.,1,1,0,0,0,1,0,0,0
Sellotape,9,8,0,0,0,9,0,0,0
Sempio,3,3,0,0,0,3,0,0,0
Senokot,1,1,0,0,0,1,0,0,0
Sensations,6,6,0,0,0,6,0,0,0
Sensodyne,34,34,34,0,34,0,0,0,0
Sensory Tots,1,1,0,0,0,1,0,0,0
Seraquin,1,1,0,0,0,1,0,0,0
Served,6,6,6,6,0,0,0,6,6
Seven Seas,1,1,0,0,0,1,0,0,0
Sexton,1,1,0,0,0,1,0,0,0
Shackleton,1,1,0,0,0,1,0,0,0
Shan,2,2,0,0,0,2,0,0,0
Shana,11,11,11,0,11,0,0,0,0
Sharpie,9,8,0,0,0,9,0,0,0
Sharps Brewery,7,7,0,0,0,7,0,0,0
Sharwood's,14,12,0,0,0,14,0,0,0
Sheep Dog,2,2,0,0,0,2,0,0,0
Sheldon's,6,6,0,0,0,6,0,0,0
Shepherd Neame,2,2,0,0,0,2,0,0,0
Sheppy,1,1,0,0,0,1,0,0,0
Shipyard American,3,3,0,0,0,3,0,0,0
Shockwaves,6,6,0,0,0,6,0,0,0
Shout,1,1,0,0,0,1,0,0,0
Siddiqui,2,2,0,0,0,2,0,0,0
Sierra Nevada,1,1,0,0,0,1,0,0,0
Sierra Tequila,2,2,0,0,0,2,0,0,0
Silent Pool,2,2,0,0,0,2,0,0,0
Silk & Spice,1,1,0,0,0,1,0,0,0
Silk Cut,2,2,0,0,0,2,0,0,0
Silk Road,1,1,0,0,0,1,0,0,0
Silver Cloud,3,3,0,0,0,3,0,0,0
Silvikrin,10,10,0,0,0,10,0,0,0
Silvine,10,8,0,0,0,10,0,0,0
Silvo,1,1,0,0,0,1,0,0,0
Simonnet-Febvre,1,0,0,0,0,1,0,0,0
Simple,36,34,0,13,0,23,0,13,13
Simple Kind to Skin,1,0,0,0,0,1,0,0,0
Simple Pure,2,2,0,0,0,2,0,0,0
Simple Solution,6,5,0,0,0,6,0,0,0
Simplee Aloe,1,1,0,0,0,1,0,0,0
Simply Soft,8,8,0,0,0,8,0,0,0
SimplyCook,2,1,0,0,0,2,0,0,0
Sinclairs,11,10,11,0,11,0,0,0,0
Singleton,2,2,0,0,0,2,0,0,0
Sipsmith,9,6,0,0,0,9,0,0,0
Sistema,51,46,51,0,51,0,0,0,0
Skin Chemists,4,4,0,0,0,4,0,0,0
Skin Genius,6,6,6,6,0,0,0,6,6
Skinner's,1,1,0,0,0,1,0,0,0
Skinners,2,2,0,0,0,2,0,0,0
Skinnies,3,2,0,0,0,3,0,0,0
Skinny Tan,3,2,3,3,0,0,0,3,2
Skins,14,13,0,0,0,14,0,0,0
Skittles,1,1,0,0,0,1,0,0,0
Skyy,2,2,0,0,0,2,0,0,0
Slane,1,1,0,0,0,1,0,0,0
Slingsby,6,6,0,0,0,6,0,0,0
Small & Wild,3,3,0,0,0,3,0,0,0
Smart Strains,2,2,0,0,0,2,0,0,0
Smash,1,1,0,0,0,1,0,0,0
Smidge,8,8,0,0,0,8,0,0,0
Smile Science,3,3,0,0,0,3,0,0,0
Smirnoff,7,6,0,0,0,7,0,0,0
Smiths,1,1,0,0,0,1,0,0,0
Snack a Jacks,6,5,0,0,0,6,0,0,0
Snappies,1,0,0,0,0,1,0,0,0
Snapple,1,1,0,0,0,1,0,0,0
Snopake,18,17,0,0,0,18,0,0,0
Snuggletouch,1,1,1,0,1,0,0,0,0
Snyder's,2,2,0,0,0,2,0,0,0
So Divine,14,9,0,0,0,14,0,0,0
Soberano,1,1,0,0,0,1,0,0,0
SodaStream,18,17,0,0,0,18,0,0,0
Sodaly,4,4,0,0,0,4,0,0,0
Sol,1,1,0,0,0,1,0,0,0
Solar Buddies,2,2,0,0,0,2,0,0,0
Solera,1,1,0,0,0,1,0,0,0
Something & Nothing,5,5,0,0,0,5,0,0,0
Something Different,4,4,0,0,0,4,0,0,0
Soopa,11,11,11,11,0,0,0,11,11
Sophie Conran,25,25,25,0,25,0,0,0,0
Sophie La Girafe,4,4,0,0,0,4,0,0,0
Sorbo,6,6,0,0,0,6,0,0,0
Sorted Skin,1,1,1,1,0,0,0,1,1
Sour Patch Kids,4,4,0,0,0,4,0,0,0
Sourz,1,1,0,0,0,1,0,0,0
Southern Comfort,3,3,0,0,0,3,0,0,0
Sovereign,2,2,0,0,0,2,0,0,0
Spaten,1,1,0,0,0,1,0,0,0
Spiderman,1,1,0,0,0,1,0,0,0
Spill Tea,1,1,0,0,0,1,0,0,0
Spitfire,1,1,0,0,0,1,0,0,0
Spontex,47,47,47,1,46,0,0,1,1
Sports Pet,1,1,0,0,0,1,0,0,0
Spotlight Teeth Whitening,1,1,0,0,0,1,0,0,0
Squares,1,1,0,0,0,1,0,0,0
Squire's Kitchen,2,2,0,0,0,2,0,0,0
Squishmallows,4,4,0,0,0,4,0,0,0
St Amour,1,1,0,0,0,1,0,0,0
St Austell,2,2,0,0,0,2,0,0,0
St Moriz,5,5,5,3,2,0,0,3,3
St Remy,2,2,0,0,0,2,0,0,0
St Tropez,18,18,0,0,0,18,0,0,0
St. Bernardus,1,1,0,0,0,1,0,0,0
St. Peters,4,4,0,0,0,4,0,0,0
Stabilo,22,16,22,0,22,0,0,0,0
Staedtler,20,18,0,0,0,20,0,0,0
Stanley,19,16,19,0,19,0,0,0,0
Starbucks,8,7,0,0,0,8,0,0,0
Staropramen,4,4,0,0,0,4,0,0,0
Stauning,1,1,0,0,0,1,0,0,0
Stay Safe,1,1,0,0,0,1,0,0,0
Steenberg,2,2,0,0,0,2,0,0,0
Stella Artois,6,6,0,0,0,6,0,0,0
Stellar,59,55,59,0,59,0,0,0,0
Steradent,2,2,0,0,0,2,0,0,0
Sterling,2,2,0,0,0,2,0,0,0
Stoli,1,1,0,0,0,1,0,0,0
Stolichnaya,4,3,0,0,0,4,0,0,0
Stones,1,1,0,0,0,1,0,0,0
Stop'n Grow,1,1,0,0,0,1,0,0,0
Strepsils,3,3,0,0,0,3,0,0,0
Stripe & Stare,15,12,0,0,0,15,0,0,0
Strongbow,2,2,2,2,0,0,0,2,2
Sudafed,3,3,0,0,0,3,0,0,0
Sudocrem,1,1,0,0,0,1,0,0,0
Suhana,3,3,0,0,0,3,0,0,0
Sukin,9,9,9,9,0,0,0,9,9
Summer Days,18,17,18,0,18,0,0,0,0
Summerhouse,11,6,0,0,0,11,0,0,0
Sun Bites,1,1,0,0,0,1,0,0,0
Sun Hee,1,1,0,0,0,1,0,0,0
SunBites,4,4,0,0,0,4,0,0,0
Suncrest,4,4,0,0,0,4,0,0,0
Super Facialist,8,8,0,0,0,8,0,0,0
Superkings,1,1,0,0,0,1,0,0,0
Supreme,7,7,0,0,0,7,0,0,0
Sure,51,51,0,0,0,51,0,0,0
Sure Men,4,4,0,0,0,4,0,0,0
Surf,25,23,25,0,25,0,0,0,0
Swan,2,1,0,0,0,2,0,0,0
Sweet Baby Rays,2,2,0,0,0,2,0,0,0
Sweetex,1,1,0,0,0,1,0,0,0
Sweetly Does It,3,3,0,0,0,3,0,0,0
SwimCount,1,1,0,0,0,1,0,0,0
Swizzels,2,1,0,0,0,2,0,0,0
Sxollie,1,1,1,1,0,0,0,1,1
Sylva,1,1,0,0,0,1,0,0,0
TAYLOR'S EYE-WITNESS,2,2,0,0,0,2,0,0,0
TCP,66,62,66,0,66,0,0,0,0
TENA,43,43,43,0,43,0,0,0,0
TIGI,8,8,8,0,8,0,0,0,0
TRESemme,71,44,71,0,71,0,0,0,0
TRIBE,6,3,6,6,0,0,0,6,3
Tails,1,0,0,0,0,1,0,0,0
Taittinger,1,1,0,0,0,1,0,0,0
Tajin,1,1,0,0,0,1,0,0,0
Takis,3,3,0,0,0,3,0,0,0
Tala,88,82,88,0,88,0,0,0,0
Talisker,2,2,0,0,0,2,0,0,0
Talking Tables,73,66,73,0,73,0,0,0,0
Tallow and Ash,7,7,7,7,0,0,0,7,7
Tamnavulin,3,3,0,0,0,3,0,0,0
Tampax,10,10,0,0,0,10,0,0,0
Tangle Teezer,23,23,23,0,23,0,0,0,0
Tangled Tree,4,4,0,0,0,4,0,0,0
Tango,1,1,0,0,0,1,0,0,0
Tanqueray,13,11,0,0,0,13,0,0,0
Tapi,1,1,0,0,0,1,0,0,0
Tarquin's,5,5,0,0,0,5,0,0,0
Taylor Pro,4,3,0,0,0,4,0,0,0
Taylor's,3,3,0,0,0,3,0,0,0
Taylors Eye Witness,17,17,0,0,0,0,17,0,0
Taylors Of Harrogate,3,3,0,0,0,3,0,0,0
TePe,9,9,0,0,0,9,0,0,0
Tea India,2,2,0,0,0,2,0,0,0
Teapigs,2,2,2,2,0,0,0,2,2
Teeling,1,1,0,0,0,1,0,0,0
Tefal,9,7,0,0,0,9,0,0,0
Teisseire,8,1,0,0,0,8,0,0,0
Teliani,2,2,0,0,0,2,0,0,0
Telma,6,5,0,0,0,6,0,0,0
Tempus,1,0,0,0,0,1,0,0,0
Tenzing,4,3,4,4,0,0,0,4,3
Tere Caude,1,1,0,0,0,1,0,0,0
Teremana,1,1,0,0,0,1,0,0,0
Terra Linda,3,3,0,0,0,3,0,0,0
Terrazas,2,2,0,0,0,2,0,0,0
Terre Antiche,1,1,0,0,0,1,0,0,0
Terreo,1,1,0,0,0,1,0,0,0
Tetley,8,8,0,0,0,8,0,0,0
Tetra,2,2,0,0,0,2,0,0,0
Tetrosyl,5,5,0,0,0,5,0,0,0
Thai Dragon,1,1,0,0,0,1,0,0,0
Thai Taste,1,1,0,0,0,1,0,0,0
That's Nuts,4,4,0,0,0,4,0,0,0
The Ardmore,1,1,0,0,0,1,0,0,0
The Bay Tree,2,2,0,0,0,2,0,0,0
The Bush Rum Co.,4,2,0,0,0,4,0,0,0
The Cheeky Panda,1,1,0,0,0,1,0,0,0
The Dalmore,2,1,0,0,0,2,0,0,0
The Dormen,3,3,0,0,0,3,0,0,0
The Drinks Bureau,1,1,0,0,0,1,0,0,0
The Fresh Pasta Co.,1,1,0,0,0,1,0,0,0
The Fruit Factory,3,3,3,0,3,0,0,0,0
The Garlic Farm,1,1,1,1,0,0,0,0,0
The Glenlivet,6,6,0,0,0,6,0,0,0
The Gluten Free Kitchen,2,1,0,0,0,2,0,0,0
The Good Crisp Co,1,1,0,0,0,1,0,0,0
The Greek Kitchen,1,1,0,0,0,1,0,0,0
The Gym Kitchen,2,2,0,0,0,2,0,0,0
The Innocent Hound,4,4,0,0,0,4,0,0,0
The King's Ginger,1,1,0,0,0,1,0,0,0
The Lab Co.,3,3,3,3,0,0,0,3,3
The Lions Kingdom,1,1,0,0,0,1,0,0,0
The London Gin,1,0,0,0,0,1,0,0,0
The Lyndon Company,20,18,20,0,20,0,0,0,0
The Macallan,2,1,0,0,0,2,0,0,0
The Mighty Kitchen,1,1,0,0,0,1,0,0,0
The Natural Family Co,1,1,0,0,0,1,0,0,0
The Ned,5,5,0,0,0,5,0,0,0
The Saucerer,1,1,0,0,0,1,0,0,0
The Woodsman,1,1,0,0,0,1,0,0,0
The Woolf's Kitchen,6,6,0,0,0,6,0,0,0
TheraTears,4,4,0,0,0,4,0,0,0
Thermos,10,10,0,0,0,10,0,0,0
This Works,12,12,12,10,2,0,0,9,9
Thomas,1,1,0,0,0,1,0,0,0
Thomas Plant,1,1,0,0,0,1,0,0,0
Three Barrels,3,3,0,0,0,3,0,0,0
ThreeSixty,1,1,0,0,0,1,0,0,0
Thrive,1,1,0,0,0,1,0,0,0
Thums Up,1,1,0,0,0,1,0,0,0
Thwaites,1,1,0,0,0,1,0,0,0
Tic Tac,6,6,0,0,0,6,0,0,0
Tidal Rum,2,2,0,0,0,2,0,0,0
Tiger Balm,1,1,1,1,0,0,0,1,1
Tiki Lovers,1,1,0,0,0,1,0,0,0
Timothy Taylor's,3,3,0,0,0,3,0,0,0
Tipp-Ex,1,1,0,0,0,1,0,0,0
Tishoo,2,2,0,0,0,2,0,0,0
Tisserand,1,1,0,0,0,1,0,0,0
Toastabags,12,12,12,0,12,0,0,0,0
Tobar,9,8,0,0,0,9,0,0,0
Together Health,1,1,0,0,0,1,0,0,0
Toilet Duck,30,30,0,0,0,30,0,0,0
Toki,1,1,0,0,0,1,0,0,0
Tokinoka,2,2,0,0,0,2,0,0,0
Tommee Tippee,35,34,0,0,0,35,0,0,0
Tomos Watkin,2,2,0,0,0,2,0,0,0
Tomy,7,7,0,0,0,7,0,0,0
Toni & Guy,4,3,0,0,0,4,0,0,0
Tonic Health,1,1,0,0,0,1,0,0,0
Tonies,30,30,30,0,30,0,0,0,0
Topo Lisboa,1,1,0,0,0,1,0,0,0
Torres,4,4,0,0,0,4,0,0,0
Torri Cantine,2,2,0,0,0,2,0,0,0
Tosolini,2,2,0,0,0,2,0,0,0
Tower,11,11,0,0,0,11,0,0,0
Trapiche Reserve,2,2,0,0,0,2,0,0,0
Trebor,2,2,0,0,0,2,0,0,0
Trilogy,3,3,0,0,0,3,0,0,0
Trip,10,9,10,10,0,0,0,10,9
Triple Dry,4,4,4,0,4,0,0,0,0
Triplewax,1,1,0,0,0,1,0,0,0
Trivento,1,1,0,0,0,1,0,0,0
Tropical Sun,3,3,0,0,0,3,0,0,0
Tropicana,9,6,0,0,0,9,0,0,0
Tropiclean,5,5,0,0,0,5,0,0,0
Truffle Guys,1,1,1,1,0,0,0,1,1
Truffle Hunter,1,1,0,0,0,1,0,0,0
TruffleHunter,3,3,3,3,0,0,0,3,3
Truyu,22,22,22,22,0,0,0,22,22
Tsarine,1,1,0,0,0,1,0,0,0
Tullamore Dew,1,1,0,0,0,1,0,0,0
Turner Bianca,18,16,0,0,0,18,0,0,0
Tweezerman,12,12,0,0,0,12,0,0,0
Twin Fin,1,1,0,0,0,1,0,0,0
Twinings,43,40,0,31,5,0,7,31,28
Two Farmers,3,3,0,0,0,3,0,0,0
Ty,10,10,10,0,10,0,0,0,0
Typhoon,8,6,0,0,0,8,0,0,0
Tyrrell's,4,4,0,0,0,4,0,0,0
UFC,1,0,1,1,0,0,0,1,0
UFit,1,1,0,0,0,1,0,0,0
UP Global Products,15,15,15,0,15,0,0,0,0
Udos Choice,6,6,0,0,0,6,0,0,0
Ukiyo,4,4,0,0,0,4,0,0,0
Ultra Chloraseptic,2,2,0,0,0,2,0,0,0
UltraGrime,8,7,0,0,0,8,0,0,0
Ultrasun,16,16,16,16,0,0,0,16,16
Umberto Giannini,4,4,4,4,0,0,0,4,4
UnMeat,9,9,9,9,0,0,0,0,0
Unbeelievable,1,1,0,0,0,1,0,0,0
Uncle Nearest,2,2,0,0,0,2,0,0,0
Unearthed,1,1,0,0,0,1,0,0,0
Uni-Ball,6,6,0,0,0,6,0,0,0
Unibond,13,13,0,0,0,13,0,0,0
Unilever,8,8,0,0,0,8,0,0,0
Union Hand-Roasted,1,1,0,0,0,1,0,0,0
Unique,2,2,0,0,0,2,0,0,0
Unique Party,88,86,0,0,0,88,0,0,0
UpCircle,4,4,0,0,0,4,0,0,0
Urban Noodle,1,1,0,0,0,1,0,0,0
Urine Off,2,2,0,0,0,2,0,0,0
Usborne,1,1,0,0,0,1,0,0,0
VECCHIA ROMAGNA,2,1,0,0,0,2,0,0,0
VH2,2,2,0,0,0,2,0,0,0
VII Hills,1,1,0,0,0,1,0,0,0
VITHIT,4,4,0,0,0,4,0,0,0
VITL,1,1,0,0,0,1,0,0,0
VIVIR,1,1,0,0,0,1,0,0,0
VO5,5,4,0,0,0,5,0,0,0
VTech,4,1,0,0,0,4,0,0,0
Vagisil,5,5,0,0,0,5,0,0,0
Valupak,4,4,0,0,0,4,0,0,0
Vamoosh,1,1,0,0,0,1,0,0,0
Vandestreek,2,2,0,0,0,2,0,0,0
Vanish,29,29,29,0,29,0,0,0,0
Varzea,2,2,0,0,0,2,0,0,0
Vaseline,30,29,30,0,30,0,0,0,0
Veet,19,18,0,0,0,19,0,0,0
Veetee,2,0,2,0,2,0,0,0,0
Veltins,1,1,0,0,0,1,0,0,0
Velvet,1,1,0,0,0,1,0,0,0
Venture Life,2,2,0,0,0,2,0,0,0
Venus,5,5,0,0,0,5,0,0,0
Vera Wang,1,1,0,0,0,1,0,0,0
Vergelegen,1,1,0,0,0,1,0,0,0
Vets Kitchen,2,2,0,0,0,2,0,0,0
Veuve Clicquot,6,6,0,0,0,6,0,0,0
Viakal,6,6,0,0,0,6,0,0,0
Vicks,6,5,0,0,0,6,0,0,0
Vidal,2,2,0,0,0,2,0,0,0
Vifon,4,4,0,0,0,4,0,0,0
Vileda,9,6,0,0,0,9,0,0,0
Villa Conti,1,1,0,0,0,1,0,0,0
Villa Maria,5,5,0,0,0,5,0,0,0
Village Bakery,4,4,0,0,0,4,0,0,0
Villeroy & Boch,5,4,0,0,0,5,0,0,0
Vimto,16,15,16,6,10,0,0,5,5
Vina Pomal,3,3,0,0,0,3,0,0,0
Vinca,3,3,3,3,0,0,0,3,3
Viners,39,37,0,0,0,39,0,0,0
Viners Kids Collec,1,0,0,0,0,1,0,0,0
Vintage Marque,2,1,0,0,0,2,0,0,0
Vira Soothe,2,2,0,0,0,2,0,0,0
Virgin Wines,10,9,0,0,0,10,0,0,0
Vista Alegre,2,2,0,0,0,2,0,0,0
Vita Coco,3,3,3,0,3,0,0,0,0
Vitabiotics,27,27,0,0,0,27,0,0,0
Vital,2,2,0,0,0,2,0,0,0
Vital Baby,35,32,35,0,35,0,0,0,0
Vitality CBD,14,14,14,14,0,0,0,14,14
Vitamin Well,4,4,4,0,4,0,0,0,0
Vivid,1,1,0,0,0,1,0,0,0
Vivid Imaginations,8,7,0,0,0,8,0,0,0
Vizulize,5,5,0,0,0,0,5,0,0
Voltarol,8,8,0,0,0,8,0,0,0
Volvic,14,13,0,0,0,14,0,0,0
Von Buhl,1,1,0,0,0,1,0,0,0
Vosene,3,3,0,0,0,3,0,0,0
Voss,8,8,0,0,0,8,0,0,0
Votary,5,5,5,5,0,0,0,5,5
Vtech Electronics,1,0,0,0,0,1,0,0,0
W & H Marriage,6,6,6,6,0,0,0,6,6
WATERPIK,3,3,0,0,0,3,0,0,0
WD40,1,1,0,0,0,1,0,0,0
WOK'D,3,3,0,0,0,3,0,0,0
WUKA,3,3,3,2,1,0,0,2,2
WX BRANDS,3,3,0,0,0,3,0,0,0
Waddesdon,1,1,0,0,0,1,0,0,0
Wagamama,1,1,0,0,0,1,0,0,0
Wainwright,1,1,0,0,0,1,0,0,0
Waipapa Bay,1,1,0,0,0,1,0,0,0
Waken,6,6,6,6,0,0,0,6,6
Walkers,17,15,0,0,0,17,0,0,0
Walkers Baked,1,1,0,0,0,1,0,0,0
Walkers Less Salt,1,1,0,0,0,1,0,0,0
Walkers Max,4,3,0,0,0,4,0,0,0
Wall's,6,3,0,0,0,6,0,0,0
Warner's,5,5,0,2,0,3,0,2,2
Wash & Go,2,2,0,0,0,2,0,0,0
Wash with leaf,3,2,3,3,0,0,0,3,2
WaterWipes,1,1,0,0,0,1,0,0,0
Wax Lyrical,35,35,0,10,0,25,0,10,10
Wednesday's Domaine,3,3,0,0,0,3,0,0,0
Weetabix,10,10,0,0,0,10,0,0,0
Weight Watchers,1,1,0,0,0,1,0,0,0
Weleda,22,20,0,6,0,16,0,6,6
Wella,2,2,0,0,0,2,0,0,0
Welner,2,2,0,0,0,2,0,0,0
Wessex Mill,1,1,0,0,0,1,0,0,0
West Coast Cooler,2,2,0,0,0,2,0,0,0
Westland,46,46,46,3,43,0,0,1,1
Westons,1,0,0,0,0,1,0,0,0
Wet Ones,4,4,0,0,0,4,0,0,0
Wham,5,5,0,0,0,5,0,0,0
Wheat Crunchies,1,1,0,0,0,1,0,0,0
Wheelers,1,1,0,0,0,1,0,0,0
Whispering Angel,1,1,0,0,0,1,0,0,0
Whitby,1,1,0,0,0,1,0,0,0
White Claw,7,7,0,0,0,7,0,0,0
Whitebox Cocktails,3,3,0,0,0,3,0,0,0
Whitley Neill,13,12,13,0,13,0,0,0,0
Who Gives a Crap,11,10,0,6,0,5,0,6,5
Whole Earth,4,3,4,4,0,0,0,4,3
Whyte & Mackay,2,2,0,0,0,2,0,0,0
Wild,7,5,7,7,0,0,0,5,5
Wild Idol,1,0,0,0,0,1,0,0,0
Wild Nutrition,7,7,7,0,7,0,0,0,0
Wild Thingz,5,5,5,0,5,0,0,0,0
Wild Turkey,3,3,0,0,0,3,0,0,0
Wild! Craft,1,1,0,0,0,1,0,0,0
Wild! Science,3,3,0,0,0,3,0,0,0
Wildcat,2,2,0,0,0,2,0,0,0
Wildflower,1,1,0,0,0,1,0,0,0
Wildwash,4,3,0,0,0,4,0,0,0
Wilkinson Sword,26,25,26,2,24,0,0,2,2
Windolene,2,2,0,0,0,2,0,0,0
Winsome cousins,3,3,0,0,0,3,0,0,0
Wirra Wirra,1,1,0,0,0,1,0,0,0
Wise Wolf,1,0,0,0,0,1,0,0,0
Wonderful Nuts & Fruit,1,1,0,0,0,1,0,0,0
Woodford,3,3,0,0,0,3,0,0,0
Woodmansterne,75,64,75,0,75,0,0,0,0
Woolite,2,2,0,0,0,2,0,0,0
Woongjin Teazle,3,3,0,0,0,3,0,0,0
World Of Sweets LTD,4,4,0,0,0,4,0,0,0
World Tour,1,1,1,0,1,0,0,0,0
World of Flavours,2,2,0,0,0,2,0,0,0
Worlds Best,2,2,0,0,0,2,0,0,0
Wotsits,5,4,0,0,0,5,0,0,0
Wray & Nephew,3,3,0,0,0,3,0,0,0
Wright's,3,3,0,0,0,3,0,0,0
Wrigley's Airwaves,2,2,0,0,0,2,0,0,0
Wrigley's Extra,18,15,0,0,0,18,0,0,0
Wynns,1,1,0,0,0,1,0,0,0
Wynns The Sidings,1,1,0,0,0,1,0,0,0
X Brands,2,2,0,0,0,2,0,0,0
Yalumba,1,1,0,0,0,1,0,0,0
Yankee Candle,6,6,0,0,0,6,0,0,0
Yellow Tail,3,3,3,0,3,0,0,0,0
Yeowww,10,8,0,0,0,10,0,0,0
Yes,1,1,0,0,0,1,0,0,0
Yew,4,4,0,0,0,4,0,0,0
YoYo,3,3,0,0,0,3,0,0,0
Yoni,3,3,0,0,0,3,0,0,0
Yorkshire Tea,4,4,0,0,0,4,0,0,0
Young Poong,2,2,0,0,0,2,0,0,0
YuMOVE,1,1,0,0,0,1,0,0,0
Yushan,1,1,0,0,0,1,0,0,0
Yutaka,2,1,0,0,0,2,0,0,0
Yvonne Ellen,6,3,0,0,0,6,0,0,0
ZEISS,3,3,0,0,0,3,0,0,0
Zalze,1,1,0,0,0,1,0,0,0
Zero Regrets,2,2,0,0,0,2,0,0,0
Zero Water,2,1,0,0,0,2,0,0,0
Zesty Paws,4,4,0,0,0,4,0,0,0
Zig Zag,3,2,0,0,0,3,0,0,0
Zip,8,8,0,0,0,8,0,0,0
Zoflora,15,14,0,0,0,15,0,0,0
Zoladkowa,1,1,0,0,0,1,0,0,0
Zonin,3,3,0,0,0,3,0,0,0
Zooki,1,1,1,1,0,0,0,1,1
Zorita,1,1,0,0,0,1,0,0,0
Zucca,1,1,0,0,0,1,0,0,0
Zyliss,40,36,40,0,40,0,0,0,0
cocogen,1,1,0,0,0,1,0,0,0
dash,8,5,0,0,0,8,0,0,0
ingeno,2,2,0,0,0,2,0,0,0
lubelska,1,0,0,0,0,1,0,0,0
pepto bismol,2,2,0,0,0,2,0,0,0
spinached,1,1,0,0,0,1,0,0,0
