product_id,product_name,catalogue_brand,current_on_ocado,pass_1_status,pass_2_status,exclusion_reason
11760011,Badger Golden Champion Ale,Badger,1,unknown,unknown,Independent source review did not confirm vegan status
23533011,Badger Tangle Foot Ale,Badger,1,unknown,unknown,Independent source review did not confirm vegan status
29243011,Heineken Lager Beer Bottles,Heineken,1,unknown,vegan,Independent source review did not confirm vegan status
31201011,Badger Blandford Fly,Badger,1,unknown,unknown,Independent source review did not confirm vegan status
39369011,Badger Fursty Ferret,Badger,1,unknown,unknown,Independent source review did not confirm vegan status
39371011,Badger Cranborne Poacher,Badger,1,unknown,unknown,Independent source review did not confirm vegan status
39374011,Badger Hopping Hare,Badger,1,unknown,unknown,Independent source review did not confirm vegan status
50233011,Daylesford Natural Lavender Fabric Conditioner,Daylesford,0,unknown,unknown,Independent source review did not confirm vegan status
63207011,Mirabeau Classic Cotes de Provence Rose,Mirabeau,1,unknown,unknown,Independent source review did not confirm vegan status
75653011,Neal's Yard Frankincense Nourishing Cream,Neal's Yard Remedies,1,unknown,vegan,Independent source review did not confirm vegan status
76470011,This Works Perfect Heels Rescue Balm,This Works,1,unknown,unknown,Independent source review did not confirm vegan status
76761011,Heinz Classic BBQ Sauce,Heinz,1,unknown,vegan,Independent source review did not confirm vegan status
294290011,Hydrea London Natural Carved Pumice Stone with Rope,Hydréa London,1,unknown,vegan,Independent source review did not confirm vegan status
309680011,Renaissance Hand Cream,,1,unknown,unknown,Independent source review did not confirm vegan status
312931011,Hydrea London Bamboo Gentle Exfoliating Cleansing Mitt,Hydréa London,1,unknown,vegan,Independent source review did not confirm vegan status
318589011,Le Petit Olivier Extra Mild Lavender Soap Bar,Le Petit Olivier,1,vegan,unknown,Independent source review did not confirm vegan status
318590011,Le Petit Olivier Extra Mild Surgras Soap with Olive Oil,Le Petit Olivier,1,vegan,unknown,Independent source review did not confirm vegan status
318591011,Le Petit Olivier Extra Mild Orange Blossom Soap Bar,Le Petit Olivier,1,vegan,unknown,Independent source review did not confirm vegan status
318592011,Le Petit Olivier Extra Mild Rose Soap,Le Petit Olivier,1,vegan,unknown,Independent source review did not confirm vegan status
318593011,Le Petit Olivier Extra Mild Verbena Lemon Soap Bar,Le Petit Olivier,1,vegan,unknown,Independent source review did not confirm vegan status
318597011,"Le Petit Olivier Pure Liquid Soap of Marseille, Lavender",Le Petit Olivier,1,vegan,unknown,Independent source review did not confirm vegan status
318599011,"Le Petit Olivier Pure Liquid Soap of Marseille, Verbena Lemon",Le Petit Olivier,1,vegan,unknown,Independent source review did not confirm vegan status
361515011,Gaviscon Tablets Heartburn & Indigestion Peppermint,Gaviscon,1,unknown,vegan,Independent source review did not confirm vegan status
363328011,Badger Fursty Ferret,Badger,1,unknown,unknown,Independent source review did not confirm vegan status
365943011,Mirabeau Pure Provence Rose,Mirabeau,1,unknown,unknown,Independent source review did not confirm vegan status
376103011,Luxury Cold Pressed Rapeseed Oil with Truffle and Garlic,The Garlic Farm,1,unknown,unknown,Independent source review did not confirm vegan status
385098011,"Le Petit Olivier Pure Liquid Soap Of Marseille, Orange Blossom",Le Petit Olivier,1,vegan,unknown,Independent source review did not confirm vegan status
385099011,"Le Petit Olivier Pure Liquid Soap Of Marseille, Rose",Le Petit Olivier,1,vegan,unknown,Independent source review did not confirm vegan status
399136011,Free Gift- Golden Krocus Ageless Saffron Elixir Serum 4ml,,1,unknown,unknown,Independent source review did not confirm vegan status
402100011,Absolut Elyx Copper Crafted Single Estate Premium Swedish Vodka,Absolut,1,unknown,vegan,Independent source review did not confirm vegan status
435665011,Bacardi Anjeo 4 Year Old Premium Aged Rum,Bacardi,1,vegan,unknown,Independent source review did not confirm vegan status
436863011,Seventh Heaven,,1,unknown,unknown,Independent source review did not confirm vegan status
440849011,The Ritual of Hammam Body Mist,,1,unknown,unknown,Independent source review did not confirm vegan status
443899011,Neal's Yard Frankincense Hydrating Cream,Neal's Yard Remedies,1,unknown,vegan,Independent source review did not confirm vegan status
450419011,Westland Growmore Garden Fertiliser,Westland,1,unknown,unknown,Independent source review did not confirm vegan status
466237011,Le Petit Olivier Extra Mild Argan Oil Soap Bar,Le Petit Olivier,1,vegan,unknown,Independent source review did not confirm vegan status
466239011,"Le Petit Olivier Pure Liquid Soap of Marseille, Peach Blossom",Le Petit Olivier,1,vegan,unknown,Independent source review did not confirm vegan status
494378011,Balance Me Super Firming Body Oil,Balance Me,1,unknown,unknown,Independent source review did not confirm vegan status
494379011,Balance Me Super Moisturising Body Oil,Balance Me,1,unknown,unknown,Independent source review did not confirm vegan status
499270011,Alcohol Free Antiperspirant Deodorant 60ml,,1,unknown,vegan,Independent source review did not confirm vegan status
499271011,Anti Shine Moisturizer 75ml,,1,unknown,vegan,Independent source review did not confirm vegan status
499275011,Energizing Bronze Cream 75ml,,1,unknown,vegan,Independent source review did not confirm vegan status
499280011,Ultra Clean Shower Gel 200ml,,1,unknown,vegan,Independent source review did not confirm vegan status
499282011,Ultra Soft Beard Balm 80ml,,1,unknown,vegan,Independent source review did not confirm vegan status
499407011,Sweet Mandarin & Grapefruit Trio Set,,1,unknown,unknown,Independent source review did not confirm vegan status
501310011,Frankincense Hydrating Cream,,1,unknown,vegan,Independent source review did not confirm vegan status
515479011,Cap Cedrat After-Shave Balm,,1,unknown,unknown,Independent source review did not confirm vegan status
516105011,Neal's Yard Balancing Room Spray,Neal's Yard Remedies,0,vegan,unknown,Independent source review did not confirm vegan status
517272011,Luxardo Aperitivo,Luxardo,0,unknown,unknown,Independent source review did not confirm vegan status
517989011,Cm La Vie 100% Natural Organic Coconut Oil,CM La Vie,1,unknown,vegan,Independent source review did not confirm vegan status
520148011,Cook With M&S Oak Smoked Anglesey Sea Salt,M&S,1,unknown,vegan,Independent source review did not confirm vegan status
520954011,M&S Apothecary Calm Hand Lotion,M&S,1,unknown,unknown,Independent source review did not confirm vegan status
546284011,Lucozade Energy Cherry,Lucozade,1,vegan,unknown,Independent source review did not confirm vegan status
546296011,Lucozade Energy Cherry,Lucozade,1,vegan,unknown,Independent source review did not confirm vegan status
547309011,Higher Nature Everyday Essentials Magnesium Effervescent Tablets 200mg,Higher Nature,1,unknown,unknown,Independent source review did not confirm vegan status
556312011,Prices Candles Time For You Clean Cotton Large Jar Candle,Prices,1,unknown,vegan,Independent source review did not confirm vegan status
557199011,Luxardo Sour Cherry Gin,Luxardo,0,unknown,unknown,Independent source review did not confirm vegan status
560308011,Ecover All Purpose Cleaner Lemongrass & Ginger,Ecover,1,vegan,unknown,Independent source review did not confirm vegan status
560309011,Ecover Window & Glass Cleaner,Ecover,1,vegan,unknown,Independent source review did not confirm vegan status
560456011,Le Petit Olivier Shower Gel Almond Blossom,Le Petit Olivier,1,vegan,unknown,Independent source review did not confirm vegan status
562683011,Haliborange Adult's Immune Support Lime Gummies,Haliborange,1,vegan,unknown,Independent source review did not confirm vegan status
562686011,Haliborange Adult Calm Cherry Gummies,Haliborange,1,unknown,unknown,Independent source review did not confirm vegan status
564812011,HIGH5 Energy Gel Berry 40g,HIGH5,1,unknown,vegan,Independent source review did not confirm vegan status
571769011,Green People Age Defy+ Liquid Gold Tanning Drops,Green People,1,unknown,vegan,Independent source review did not confirm vegan status
573046011,Balance Me Bakuchiol Smoothing Serum,Balance Me,1,unknown,unknown,Independent source review did not confirm vegan status
577004011,Grace Sweet Chilli Plantain Chips,Grace,1,unknown,unknown,Independent source review did not confirm vegan status
577549011,Nexba Mango Kombucha,Nexba,0,unknown,unknown,Independent source review did not confirm vegan status
579251011,Neal's Yard Rose & Geranium Organic Roll on Deodorant,Neal's Yard Remedies,1,unknown,unknown,Independent source review did not confirm vegan status
584399011,Gaviscon Advance Tabs Heartburn Relief Mint,Gaviscon,1,vegan,unknown,Independent source review did not confirm vegan status
585664011,"Beco Dog Treats Peanut with Coconut, Turmeric & Parsley",Beco Pets,0,unknown,unknown,Independent source review did not confirm vegan status
589566011,Strongbow Ultra Dark Fruit 150ml Sample Can,,1,unknown,unknown,Independent source review did not confirm vegan status
598029011,Kohinoor Chilli Paneer Sauce,Kohinoor,1,unknown,unknown,Independent source review did not confirm vegan status
601402011,Le Petit Olivier Extra mild soap bars Aloe Vera,Le Petit Olivier,1,unknown,unknown,Independent source review did not confirm vegan status
601403011,Le Petit Olivier Olive Oil Marseille soaps,Le Petit Olivier,1,unknown,unknown,Independent source review did not confirm vegan status
601900011,Balance Me Hyaluronic Plumping Mist,Balance Me,1,unknown,unknown,Independent source review did not confirm vegan status
603697011,Beco Dog Treats Cashew with Pumpkin Seed & Coconut,Beco Pets,1,unknown,unknown,Independent source review did not confirm vegan status
608272011,Price's Candles Time For You Clean Cotton Medium Jar Candle,Prices,1,unknown,vegan,Independent source review did not confirm vegan status
623413011,Ecover Laundry Liquid Bio,Ecover,1,vegan,unknown,Independent source review did not confirm vegan status
623415011,"Ecover Sensitive Non Bio Laundry Liquid, Zero 40 Wash",Ecover,1,vegan,unknown,Independent source review did not confirm vegan status
623416011,Ecover Laundry Liquid Colour,Ecover,1,vegan,unknown,Independent source review did not confirm vegan status
631008011,Vimto Original No Added Sugar Real Fruit Still Kid's Juice Drinks,Vimto,1,unknown,vegan,Independent source review did not confirm vegan status
632364011,Badger Modern Classics Ales,Badger,1,unknown,unknown,Independent source review did not confirm vegan status
632366011,Badger Golden Glory Ale,Badger,1,unknown,unknown,Independent source review did not confirm vegan status
632845011,ADONiS Peanut Butter Keto Protein Bar,Adonis,1,unknown,vegan,Independent source review did not confirm vegan status
632847011,ADONiS Peanut Butter Keto Protein Bar,Adonis,1,unknown,vegan,Independent source review did not confirm vegan status
633715011,Sanex Expert Skin Health+ Hypoallergenic Shower Gel Body Wash,Sanex,1,unknown,unknown,Independent source review did not confirm vegan status
635914011,Ecover Laundry Capsules Bio 34 Washes,Ecover,1,vegan,unknown,Independent source review did not confirm vegan status
635916011,Ecover Non Bio Capsules 34 Washes,Ecover,1,vegan,unknown,Independent source review did not confirm vegan status
635937011,Westland Growmore,Westland,1,unknown,unknown,Independent source review did not confirm vegan status
636396011,Ecover Bio Laundry Capsules 18 Washes,Ecover,1,vegan,unknown,Independent source review did not confirm vegan status
637773011,Balance Me Tripeptide Plumping Cloud Cream,Balance Me,1,unknown,unknown,Independent source review did not confirm vegan status
638686011,Mirabeau Etoile Cotes de Provence Rose,Mirabeau,1,unknown,unknown,Independent source review did not confirm vegan status
644648011,Badger Tangle Foot Cans,Badger,1,unknown,unknown,Independent source review did not confirm vegan status
644657011,Badger Fursty Ferret Cans,Badger,1,unknown,unknown,Independent source review did not confirm vegan status
645507011,Dr Organic Evoke Tranquility Night Oil,Dr Organic,1,vegan,unknown,Independent source review did not confirm vegan status
645513011,Dr Organic Evoke Awaken Brightening Eye Gel,Dr Organic,1,vegan,unknown,Independent source review did not confirm vegan status
645515011,Dr Organic Evoke Tranquillity Restore Eye Complex Cream,Dr Organic,1,unknown,unknown,Independent source review did not confirm vegan status
647183011,Haliborange Adult/Teen Iron,Haliborange,1,unknown,unknown,Independent source review did not confirm vegan status
652864011,Le Petit Olivier Gentle Milk Shampoo Sweet Almond & Rice Cream,Le Petit Olivier,1,unknown,unknown,Independent source review did not confirm vegan status
652865011,Le Petit Olivier Gentle Conditioner Sweet Almond & Rice,Le Petit Olivier,1,unknown,unknown,Independent source review did not confirm vegan status
652866011,"Le Petit Olivier Nourishing Conditioner Olive, Shea & Argan Oil",Le Petit Olivier,1,unknown,unknown,Independent source review did not confirm vegan status
652873011,Le Petit Olivier Nourishing Cream Shampoo Olive Shea Argan Oils,Le Petit Olivier,1,unknown,unknown,Independent source review did not confirm vegan status
652880011,Le Petit Olivier Micellar Shampoo Purifying Aloe Vera & Green Tea,Le Petit Olivier,1,unknown,unknown,Independent source review did not confirm vegan status
652882011,Le Petit Olivier Purifying Conditioner Aloe Vera & Green Tea,Le Petit Olivier,1,unknown,unknown,Independent source review did not confirm vegan status
653596011,Heilala Alcohol Free Vanilla with Seeds,Heilala,1,unknown,unknown,Independent source review did not confirm vegan status
655578011,M&S Lock Keepers Chardonnay Pouch,M&S,1,vegan,unknown,Independent source review did not confirm vegan status
655802011,Le Petit Olivier Pure Liquid Soap,Le Petit Olivier,1,unknown,unknown,Independent source review did not confirm vegan status
655803011,Le Petit Olivier Glycerin Marseille Soaps,Le Petit Olivier,1,unknown,unknown,Independent source review did not confirm vegan status
655804011,Le Petit Olivier Shower Cream Verbena Lemon,Le Petit Olivier,1,unknown,unknown,Independent source review did not confirm vegan status
655943011,Brooklyn Pulp Art IPA Ale Beer Cans,Brooklyn,1,unknown,unknown,Independent source review did not confirm vegan status
656302011,Balance Me Pure Skin Travel Face Wash,Balance Me,1,unknown,unknown,Independent source review did not confirm vegan status
656303011,Balance Me Super Firming Travel Body Oil,Balance Me,1,unknown,unknown,Independent source review did not confirm vegan status
656399011,unMeat Plant-based Luncheon Meat Hot and Spicy,UnMeat,1,unknown,vegan,Independent source review did not confirm vegan status
656400011,unMeat Plant-based Bolognese Spaghetti Sauce,UnMeat,1,unknown,vegan,Independent source review did not confirm vegan status
656401011,unMeat Plant-based Chicken Teriyaki,UnMeat,1,unknown,vegan,Independent source review did not confirm vegan status
656402011,unMeat Plant-based Luncheon Meat Classic,UnMeat,1,unknown,vegan,Independent source review did not confirm vegan status
656403011,unMeat Plant-based Roast Beef Style in Gravy,UnMeat,1,unknown,vegan,Independent source review did not confirm vegan status
656404011,unMeat Plant-based Tuna Style Flakes in Water,UnMeat,1,vegan,unknown,Independent source review did not confirm vegan status
656405011,unMeat Plant-based Tuna Style Flakes Hot and Spicy,UnMeat,1,vegan,unknown,Independent source review did not confirm vegan status
656406011,unMeat Plant-based Meatballs in Spaghetti Sauce,UnMeat,1,vegan,unknown,Independent source review did not confirm vegan status
656407011,unMeat Plant-based Chicken Chunks Style,UnMeat,1,vegan,unknown,Independent source review did not confirm vegan status
656817011,Gaviscon Double Action Mint,Gaviscon,1,unknown,unknown,Independent source review did not confirm vegan status
657378011,Balance Me Sheer Tint SPF30,Balance Me,1,unknown,unknown,Independent source review did not confirm vegan status
660585011,"Spacegoods Sleep Blend Chocolate 30x, Reishi, Ashwagandha, Magnesium",SPACEGOODS,1,unknown,unknown,Independent source review did not confirm vegan status
660587011,"Spacegoods Mushroom Coffee - Chocolate 30x, Lions Mane, Ashwagandha & B5",SPACEGOODS,1,unknown,unknown,Independent source review did not confirm vegan status
660839011,Old Mout Mango & Passionfruit Cider,Old Mout,1,unknown,unknown,Independent source review did not confirm vegan status
661000011,Nexba Lemon & Ginger Kombucha,Nexba,1,unknown,unknown,Independent source review did not confirm vegan status
661551011,Nails Inc. Topless Miley,Nails Inc.,1,vegan,unknown,Independent source review did not confirm vegan status
661552011,Nails Inc. Topless Hailey,Nails Inc.,1,unknown,unknown,Independent source review did not confirm vegan status
661553011,Nails Inc. Topless Jennifer,Nails Inc.,1,unknown,unknown,Independent source review did not confirm vegan status
661554011,Nails Inc. Topless Kim,Nails Inc.,1,vegan,unknown,Independent source review did not confirm vegan status
661555011,Nails Inc. Topless Kendall,Nails Inc.,1,vegan,unknown,Independent source review did not confirm vegan status
661556011,Nails Inc. Topless Billie,Nails Inc.,1,unknown,unknown,Independent source review did not confirm vegan status
661557011,Nails Inc. Topless Dakota,Nails Inc.,1,unknown,unknown,Independent source review did not confirm vegan status
661558011,Nails Inc. Topless Olivia,Nails Inc.,1,unknown,unknown,Independent source review did not confirm vegan status
662556011,Nails.INC It's Topless Gel Nail Polish Mauve Pink Lily,Nails Inc.,1,vegan,unknown,Independent source review did not confirm vegan status
662562011,Nails.INC Nail Kale Base Coat,Nails Inc.,1,vegan,unknown,Independent source review did not confirm vegan status
662785011,Crispino Passata Basilico,Crispino,0,unknown,vegan,Independent source review did not confirm vegan status
664362011,Brooklyn Brewery Bodega Run Pale Ale Cans,Brooklyn,1,unknown,unknown,Independent source review did not confirm vegan status
664572011,Sanex Skin Therapy Breakout Control Body Wash Shower Gel 450ml,Sanex,1,unknown,unknown,Independent source review did not confirm vegan status
666976011,London Essence Co. Lemonade,London Essence Co.,1,vegan,unknown,Independent source review did not confirm vegan status
669390011,NIVEA Luminous 630 Skin Glow Instant Glow Serum,Nivea,1,unknown,vegan,Independent source review did not confirm vegan status
670374011,Wild Emma Bridgewater Bee Refillable Body Wash Case,Wild,0,vegan,unknown,Independent source review did not confirm vegan status
670375011,Wild Ombre Refillable Body Wash Case,Wild,0,vegan,unknown,Independent source review did not confirm vegan status
673796011,NIVEA Disney Moana Watermelon Shine Lip Balm,Nivea,1,vegan,unknown,Independent source review did not confirm vegan status
673800011,Provoke Touch of Silver Colour Care Shampoo,Provoke,1,unknown,unknown,Independent source review did not confirm vegan status
673801011,Provoke Touch of Silver Colour Care Conditioner,Provoke,1,unknown,unknown,Independent source review did not confirm vegan status
673803011,Provoke Touch of Silver Brightening Shampoo,Provoke,1,unknown,unknown,Independent source review did not confirm vegan status
674566011,Holland & Barrett Baby Vitamin D Drops,Holland & Barrett,1,unknown,unknown,Independent source review did not confirm vegan status
675575011,Plenish Shot Glass,PLENISH,1,unknown,unknown,Independent source review did not confirm vegan status
676208011,Dove Men+Care Clean Comfort Shower Gel,Dove,1,unknown,unknown,Independent source review did not confirm vegan status
677906011,Mirabeau Pure Provence Rose Magnum,Mirabeau,1,unknown,unknown,Independent source review did not confirm vegan status
678716011,Bleach London Champagne Super Toner,Bleach London,1,unknown,vegan,Independent source review did not confirm vegan status
682535011,Dr Organic Tea Tree Purifying Nail Solution,Dr Organic,1,unknown,unknown,Independent source review did not confirm vegan status
682540011,Dr Organic Hemp Oil 2 in 1 Shampoo & Conditioner,Dr Organic,1,vegan,unknown,Independent source review did not confirm vegan status
682952011,National Gallery Trio Soap,National Gallery,1,unknown,unknown,Independent source review did not confirm vegan status
683571011,John Frieda Dream Curls Bundle Pack,John Frieda,1,unknown,vegan,Independent source review did not confirm vegan status
683880011,ADONiS Keto Protein Shake Chocolate,Adonis,1,vegan,unknown,Independent source review did not confirm vegan status
684222011,Heineken 0.0 Lemon & Elderflower Lager Beer,Heineken,1,unknown,vegan,Independent source review did not confirm vegan status
688647011,Maybelline Sky High Tubing Mascara Black,Maybelline,1,unknown,unknown,Independent source review did not confirm vegan status
693564011,"M&S Formula Ultra Peptide Serum, No Colour",M&S,1,unknown,vegan,Independent source review did not confirm vegan status
694404011,Rimmel Thrill Seeker Mega Lift Mascara 002 Black Brown,Rimmel,1,unknown,unknown,Independent source review did not confirm vegan status
695101011,Cetaphil Pro Itch Prone Skin Body Wash,Cetaphil,1,vegan,unknown,Independent source review did not confirm vegan status
696801011,Brooklyn Fonio Rising,Brooklyn,1,unknown,unknown,Independent source review did not confirm vegan status
696802011,Brooklyn Bel Air Sour Can,Brooklyn,1,unknown,unknown,Independent source review did not confirm vegan status
512988011,M&S Coteaux Varois en Provence Rose Small Bottle,M&S,1,vegan,vegan,Closing source audit withheld: Stored complete grape description includes Mourvedre. Manufacturer page specifies vintage2025 and a complete100% blend omitting Mourvedre. No retained all-vintages assurance establishes the stored small-bottle wine.
645504011,Dr Organic Evoke Awaken Radiance Day Cream,Dr Organic,1,vegan,vegan,"Closing source audit withheld: Manufacturer page adds potassium sorbate to the stored full INCI and contains an inconsistent night-cream teaser. The difference is small, but exact stored-formula scope remains unresolved at the research cutoff; withhold conservatively, not a non-vegan finding."
42739011,Neal's Yard Mint & Bergamot Hand Lotion,Neal's Yard Remedies,1,vegan,vegan,"Closing source audit withheld: Current Neal's Yard Mint/Bergamot lotion INCI adds bergamot peel oil, sodium levulinate and terpineol absent from the stored complete INCI. The product-specific current certification and retained evidence do not bridge both formulations; conservatively withhold at the user research cutoff."
599867011,Antipodes Diem Vitamin C Pigment-Correcting Water Cream,Antipodes,1,vegan,vegan,Closing source audit withheld: Current manufacturer Diem formula uses 3-O-ethyl ascorbic acid instead of stored sodium ascorbyl phosphate and has substantial other ingredient changes. Current product-specific certification does not establish the stored formulation.
599866011,Antipodes Kiwi Seed Oil Eye Cream,Antipodes,1,vegan,vegan,"Closing source audit withheld: Current manufacturer eye-cream formula adds palmitic, lauric and myristic acids and uses glyceryl stearate SE instead of stored glyceryl stearate. Retained certification is product-specific to the current formula; no retained all-formulas assurance bridges the stored recipe."
